time,weather_code (wmo code),temperature_2m_mean (°C),apparent_temperature_mean (°C),relative_humidity_2m_mean (%),wind_speed_10m_mean (km/h),city
2020-01-01,53,5.6,1.1,76,17.7,Istanbul
2020-01-02,53,5.6,0.4,86,25.2,Istanbul
2020-01-03,51,5.9,2.1,76,13.8,Istanbul
2020-01-04,3,5.9,2.8,74,8.0,Istanbul
2020-01-05,53,6.6,3.1,80,13.1,Istanbul
2020-01-06,63,6.9,-0.2,87,39.8,Istanbul
2020-01-07,61,6.1,-1.9,85,44.9,Istanbul
2020-01-08,53,5.0,-1.4,77,30.6,Istanbul
2020-01-09,3,4.9,0.4,74,17.0,Istanbul
2020-01-10,3,5.0,2.3,75,4.7,Istanbul
2020-01-11,3,7.0,4.3,76,7.6,Istanbul
2020-01-12,51,7.6,4.6,86,13.2,Istanbul
2020-01-13,51,7.2,4.0,84,13.0,Istanbul
2020-01-14,3,6.2,3.8,84,6.1,Istanbul
2020-01-15,3,7.0,3.8,84,13.0,Istanbul
2020-01-16,51,8.2,3.8,80,21.4,Istanbul
2020-01-17,3,7.2,1.9,77,25.7,Istanbul
2020-01-18,51,7.1,2.3,76,21.5,Istanbul
2020-01-19,51,5.9,1.7,77,16.5,Istanbul
2020-01-20,53,5.3,-0.2,78,25.3,Istanbul
2020-01-21,51,3.8,-0.6,74,15.1,Istanbul
2020-01-22,3,4.2,0.8,78,9.5,Istanbul
2020-01-23,3,5.9,0.7,66,21.5,Istanbul
2020-01-24,3,4.9,1.3,61,8.4,Istanbul
2020-01-25,1,7.3,3.2,72,16.8,Istanbul
2020-01-26,3,9.7,6.3,74,15.3,Istanbul
2020-01-27,53,9.9,7.5,76,9.8,Istanbul
2020-01-28,61,9.1,6.6,88,12.6,Istanbul
2020-01-29,63,10.5,6.4,82,23.5,Istanbul
2020-01-30,63,6.8,3.7,81,11.5,Istanbul
2020-01-31,3,6.1,1.7,71,16.3,Istanbul
2020-02-01,51,10.0,6.3,77,18.6,Istanbul
2020-02-02,2,11.0,7.8,77,16.4,Istanbul
2020-02-03,51,12.2,8.2,79,25.4,Istanbul
2020-02-04,51,12.2,9.7,83,16.4,Istanbul
2020-02-05,63,12.8,8.7,77,26.2,Istanbul
2020-02-06,53,5.5,0.1,82,25.7,Istanbul
2020-02-07,71,4.1,-1.0,69,19.1,Istanbul
2020-02-08,73,0.7,-5.8,63,25.2,Istanbul
2020-02-09,3,1.4,-3.2,57,11.0,Istanbul
2020-02-10,3,5.5,0.6,61,17.7,Istanbul
2020-02-11,51,10.0,4.5,68,28.6,Istanbul
2020-02-12,61,8.1,5.2,79,11.1,Istanbul
2020-02-13,3,7.6,4.4,65,8.4,Istanbul
2020-02-14,3,6.6,3.1,67,10.4,Istanbul
2020-02-15,53,8.3,5.1,85,14.8,Istanbul
2020-02-16,3,7.6,2.8,78,23.2,Istanbul
2020-02-17,3,6.4,2.8,79,14.1,Istanbul
2020-02-18,1,6.1,3.7,83,6.5,Istanbul
2020-02-19,3,8.0,5.9,87,7.3,Istanbul
2020-02-20,53,7.5,4.8,92,12.2,Istanbul
2020-02-21,53,6.9,2.2,84,22.9,Istanbul
2020-02-22,3,6.5,1.7,69,19.3,Istanbul
2020-02-23,2,6.1,2.6,68,10.1,Istanbul
2020-02-24,51,8.7,3.9,70,22.6,Istanbul
2020-02-25,3,7.6,4.4,69,10.3,Istanbul
2020-02-26,3,12.5,7.5,60,25.7,Istanbul
2020-02-27,63,14.3,8.2,68,38.6,Istanbul
2020-02-28,53,9.2,6.9,79,8.6,Istanbul
2020-02-29,55,7.8,3.8,85,20.3,Istanbul
2020-03-01,3,6.7,4.3,82,6.8,Istanbul
2020-03-02,3,9.3,6.0,77,15.0,Istanbul
2020-03-03,3,14.0,10.4,63,19.7,Istanbul
2020-03-04,3,13.3,11.7,70,7.2,Istanbul
2020-03-05,61,12.5,11.2,79,6.6,Istanbul
2020-03-06,63,10.3,8.7,87,8.1,Istanbul
2020-03-07,3,13.1,10.0,67,16.5,Istanbul
2020-03-08,3,14.6,13.0,65,7.3,Istanbul
2020-03-09,3,13.8,11.0,67,14.7,Istanbul
2020-03-10,55,10.0,7.6,92,14.2,Istanbul
2020-03-11,51,11.6,10.4,85,7.3,Istanbul
2020-03-12,0,11.5,9.5,79,10.6,Istanbul
2020-03-13,1,10.6,7.9,82,15.3,Istanbul
2020-03-14,3,9.4,7.1,88,11.6,Istanbul
2020-03-15,55,8.3,2.9,82,28.9,Istanbul
2020-03-16,51,6.4,-0.6,56,31.7,Istanbul
2020-03-17,3,5.9,1.4,57,15.0,Istanbul
2020-03-18,51,5.2,0.5,67,17.1,Istanbul
2020-03-19,51,7.1,1.8,67,22.6,Istanbul
2020-03-20,2,7.3,4.5,72,7.8,Istanbul
2020-03-21,3,8.0,5.6,70,6.7,Istanbul
2020-03-22,3,9.9,6.9,79,15.1,Istanbul
2020-03-23,51,9.1,5.2,85,20.8,Istanbul
2020-03-24,51,8.3,3.3,83,26.9,Istanbul
2020-03-25,3,7.9,2.8,80,26.0,Istanbul
2020-03-26,3,8.9,3.6,80,29.1,Istanbul
2020-03-27,3,9.2,5.5,82,18.7,Istanbul
2020-03-28,53,8.6,6.2,87,10.3,Istanbul
2020-03-29,61,9.4,6.3,89,16.6,Istanbul
2020-03-30,3,10.7,8.1,81,14.9,Istanbul
2020-03-31,51,8.9,4.7,81,21.9,Istanbul
2020-04-01,3,7.9,3.0,80,24.7,Istanbul
2020-04-02,63,8.3,3.3,85,26.9,Istanbul
2020-04-03,61,7.3,4.5,82,10.0,Istanbul
2020-04-04,55,8.2,5.0,88,16.1,Istanbul
2020-04-05,61,9.5,3.4,89,38.3,Istanbul
2020-04-06,51,9.4,1.9,69,41.5,Istanbul
2020-04-07,1,9.4,1.9,59,40.3,Istanbul
2020-04-08,3,9.2,3.2,65,31.0,Istanbul
2020-04-09,2,8.9,5.2,74,17.5,Istanbul
2020-04-10,1,9.4,7.8,80,6.6,Istanbul
2020-04-11,3,11.1,8.3,70,13.3,Istanbul
2020-04-12,1,10.3,6.5,69,18.9,Istanbul
2020-04-13,3,9.8,7.7,75,8.8,Istanbul
2020-04-14,3,14.0,11.6,69,15.2,Istanbul
2020-04-15,55,9.8,5.1,80,26.5,Istanbul
2020-04-16,3,9.3,5.6,65,16.1,Istanbul
2020-04-17,3,10.6,8.5,66,8.0,Istanbul
2020-04-18,3,12.9,11.3,74,10.3,Istanbul
2020-04-19,3,14.9,13.8,70,8.3,Istanbul
2020-04-20,3,12.8,9.7,78,20.6,Istanbul
2020-04-21,53,10.4,6.1,73,22.8,Istanbul
2020-04-22,3,10.3,4.9,63,26.5,Istanbul
2020-04-23,3,9.8,5.2,64,21.5,Istanbul
2020-04-24,2,10.3,6.1,72,23.1,Istanbul
2020-04-25,3,9.4,7.5,78,8.3,Istanbul
2020-04-26,3,13.5,11.2,68,12.7,Istanbul
2020-04-27,2,14.0,12.2,71,12.2,Istanbul
2020-04-28,1,14.9,12.6,59,12.3,Istanbul
2020-04-29,3,15.7,14.2,60,8.6,Istanbul
2020-04-30,3,16.4,15.5,70,9.7,Istanbul
2020-05-01,3,16.3,16.1,82,9.9,Istanbul
2020-05-02,51,16.9,16.5,76,10.0,Istanbul
2020-05-03,63,16.1,16.1,83,7.0,Istanbul
2020-05-04,61,13.6,13.1,93,9.0,Istanbul
2020-05-05,53,14.4,13.5,87,11.2,Istanbul
2020-05-06,51,15.8,14.6,79,14.3,Istanbul
2020-05-07,61,12.4,10.4,74,11.4,Istanbul
2020-05-08,61,14.3,13.0,75,9.5,Istanbul
2020-05-09,3,14.7,13.6,64,6.7,Istanbul
2020-05-10,3,16.2,15.4,62,6.5,Istanbul
2020-05-11,3,18.2,17.7,65,8.2,Istanbul
2020-05-12,3,21.2,18.8,52,20.2,Istanbul
2020-05-13,1,17.2,15.5,75,19.6,Istanbul
2020-05-14,3,16.6,17.0,86,9.3,Istanbul
2020-05-15,3,20.9,21.3,73,12.6,Istanbul
2020-05-16,3,22.4,21.7,63,16.9,Istanbul
2020-05-17,3,21.4,21.7,72,13.9,Istanbul
2020-05-18,3,19.5,18.1,72,20.2,Istanbul
2020-05-19,3,20.7,18.4,58,21.7,Istanbul
2020-05-20,3,20.4,20.6,69,12.0,Istanbul
2020-05-21,51,17.6,15.6,79,23.6,Istanbul
2020-05-22,63,14.1,10.8,73,22.0,Istanbul
2020-05-23,61,13.0,10.7,72,12.7,Istanbul
2020-05-24,3,13.5,12.7,72,5.5,Istanbul
2020-05-25,51,15.0,13.7,78,11.7,Istanbul
2020-05-26,51,15.6,13.6,71,15.5,Istanbul
2020-05-27,55,14.1,11.1,78,21.2,Istanbul
2020-05-28,61,14.4,13.9,85,8.4,Istanbul
2020-05-29,51,15.5,15.0,82,10.0,Istanbul
2020-05-30,51,16.8,16.3,77,11.8,Istanbul
2020-05-31,2,18.0,17.5,70,10.5,Istanbul
2020-06-01,61,16.3,16.1,83,9.7,Istanbul
2020-06-02,63,16.7,16.9,75,4.9,Istanbul
2020-06-03,63,15.9,15.9,79,6.4,Istanbul
2020-06-04,51,18.1,17.6,72,11.9,Istanbul
2020-06-05,3,20.6,20.2,62,12.1,Istanbul
2020-06-06,3,22.8,23.4,63,9.6,Istanbul
2020-06-07,1,21.2,21.7,71,11.5,Istanbul
2020-06-08,3,21.0,22.1,73,9.2,Istanbul
2020-06-09,3,23.2,24.4,63,7.4,Istanbul
2020-06-10,2,23.2,22.8,58,14.2,Istanbul
2020-06-11,3,21.5,23.1,79,9.7,Istanbul
2020-06-12,53,21.4,21.8,74,15.0,Istanbul
2020-06-13,51,21.0,21.7,77,11.4,Istanbul
2020-06-14,63,20.9,21.8,82,13.5,Istanbul
2020-06-15,61,21.9,23.3,82,12.4,Istanbul
2020-06-16,3,22.6,25.0,79,7.4,Istanbul
2020-06-17,1,23.0,25.3,77,8.2,Istanbul
2020-06-18,63,20.9,23.5,88,6.1,Istanbul
2020-06-19,63,20.8,22.9,88,8.9,Istanbul
2020-06-20,53,23.1,24.9,77,11.0,Istanbul
2020-06-21,3,23.4,24.9,73,11.5,Istanbul
2020-06-22,51,22.2,24.0,79,9.7,Istanbul
2020-06-23,53,22.3,24.6,82,7.9,Istanbul
2020-06-24,63,22.1,23.7,81,11.1,Istanbul
2020-06-25,51,22.8,24.7,82,13.2,Istanbul
2020-06-26,51,23.0,23.6,80,20.2,Istanbul
2020-06-27,0,23.3,23.7,74,20.4,Istanbul
2020-06-28,0,23.6,24.2,71,18.3,Istanbul
2020-06-29,3,23.8,25.0,71,13.1,Istanbul
2020-06-30,3,24.4,26.0,64,6.6,Istanbul
2020-07-01,1,26.0,27.8,65,13.1,Istanbul
2020-07-02,2,25.7,27.5,76,19.9,Istanbul
2020-07-03,3,25.7,27.6,76,18.2,Istanbul
2020-07-04,3,25.8,28.2,77,14.8,Istanbul
2020-07-05,1,26.1,28.1,75,18.5,Istanbul
2020-07-06,3,26.9,28.6,72,21.0,Istanbul
2020-07-07,3,26.7,29.3,76,15.9,Istanbul
2020-07-08,53,23.6,22.4,69,28.0,Istanbul
2020-07-09,3,24.0,22.1,51,22.0,Istanbul
2020-07-10,51,23.6,22.0,60,24.6,Istanbul
2020-07-11,3,24.8,24.2,64,24.4,Istanbul
2020-07-12,1,24.8,25.5,69,18.3,Istanbul
2020-07-13,51,21.7,21.2,79,23.0,Istanbul
2020-07-14,3,22.5,19.7,52,24.7,Istanbul
2020-07-15,3,21.1,19.4,60,18.1,Istanbul
2020-07-16,2,22.2,21.4,60,15.4,Istanbul
2020-07-17,3,22.5,22.2,67,16.7,Istanbul
2020-07-18,1,24.0,24.0,69,21.2,Istanbul
2020-07-19,3,24.6,25.5,72,18.6,Istanbul
2020-07-20,3,24.6,26.5,74,11.6,Istanbul
2020-07-21,51,24.0,25.0,70,14.3,Istanbul
2020-07-22,1,24.6,24.9,68,20.3,Istanbul
2020-07-23,0,25.5,25.6,68,24.2,Istanbul
2020-07-24,0,25.2,24.3,64,26.1,Istanbul
2020-07-25,1,24.8,24.3,64,22.6,Istanbul
2020-07-26,2,25.2,26.7,68,13.5,Istanbul
2020-07-27,2,25.2,27.0,71,11.6,Istanbul
2020-07-28,51,25.6,27.6,72,13.0,Istanbul
2020-07-29,0,26.6,27.8,64,13.4,Istanbul
2020-07-30,0,26.2,27.8,71,17.5,Istanbul
2020-07-31,1,25.9,27.9,73,15.6,Istanbul
2020-08-01,2,25.7,27.2,71,15.7,Istanbul
2020-08-02,2,25.1,24.6,62,21.8,Istanbul
2020-08-03,1,24.5,23.8,61,20.5,Istanbul
2020-08-04,1,25.2,25.2,63,19.8,Istanbul
2020-08-05,2,25.0,24.8,62,19.8,Istanbul
2020-08-06,1,25.6,26.4,69,19.9,Istanbul
2020-08-07,0,26.5,27.6,68,20.0,Istanbul
2020-08-08,2,26.7,27.5,69,23.5,Istanbul
2020-08-09,3,26.7,26.6,68,29.1,Istanbul
2020-08-10,51,26.1,26.0,64,22.3,Istanbul
2020-08-11,0,26.0,26.7,63,16.4,Istanbul
2020-08-12,0,26.2,27.0,63,16.1,Istanbul
2020-08-13,1,25.6,26.6,70,17.7,Istanbul
2020-08-14,1,24.6,24.2,61,18.6,Istanbul
2020-08-15,0,24.6,23.7,57,19.4,Istanbul
2020-08-16,1,24.1,22.5,55,21.8,Istanbul
2020-08-17,3,24.3,22.3,50,21.0,Istanbul
2020-08-18,3,24.0,23.4,60,17.4,Istanbul
2020-08-19,0,24.3,25.1,65,12.7,Istanbul
2020-08-20,51,22.7,24.0,73,10.0,Istanbul
2020-08-21,61,23.4,24.8,76,12.9,Istanbul
2020-08-22,3,24.3,26.8,78,9.3,Istanbul
2020-08-23,1,24.6,25.9,73,15.7,Istanbul
2020-08-24,2,24.8,25.7,71,18.1,Istanbul
2020-08-25,0,24.9,25.6,65,15.2,Istanbul
2020-08-26,3,24.4,25.6,70,13.1,Istanbul
2020-08-27,51,23.9,25.7,74,10.3,Istanbul
2020-08-28,0,24.9,25.4,63,12.5,Istanbul
2020-08-29,0,25.6,25.8,65,20.6,Istanbul
2020-08-30,3,25.6,27.5,74,16.1,Istanbul
2020-08-31,1,24.6,26.4,74,12.5,Istanbul
2020-09-01,0,25.0,26.5,72,14.2,Istanbul
2020-09-02,2,24.7,26.4,75,14.1,Istanbul
2020-09-03,3,25.0,26.9,75,14.6,Istanbul
2020-09-04,51,23.2,23.8,76,18.2,Istanbul
2020-09-05,51,22.4,21.6,65,18.6,Istanbul
2020-09-06,2,23.4,24.2,65,8.6,Istanbul
2020-09-07,0,23.8,24.9,73,14.2,Istanbul
2020-09-08,2,24.1,25.0,75,17.6,Istanbul
2020-09-09,2,24.4,24.0,70,23.8,Istanbul
2020-09-10,3,23.8,23.4,67,20.8,Istanbul
2020-09-11,3,23.7,23.1,69,23.3,Istanbul
2020-09-12,3,24.7,24.1,66,24.2,Istanbul
2020-09-13,53,24.5,24.8,74,21.5,Istanbul
2020-09-14,2,24.6,24.5,70,22.8,Istanbul
2020-09-15,0,24.8,23.7,63,25.3,Istanbul
2020-09-16,3,24.2,23.2,65,25.0,Istanbul
2020-09-17,2,24.1,25.0,67,12.5,Istanbul
2020-09-18,3,23.1,23.6,74,16.2,Istanbul
2020-09-19,3,21.7,18.8,58,26.8,Istanbul
2020-09-20,51,20.6,18.3,65,24.0,Istanbul
2020-09-21,3,22.1,20.2,62,22.7,Istanbul
2020-09-22,3,21.9,20.6,60,17.5,Istanbul
2020-09-23,3,21.3,22.4,72,6.6,Istanbul
2020-09-24,3,22.0,23.1,70,6.5,Istanbul
2020-09-25,51,23.1,24.3,67,7.9,Istanbul
2020-09-26,3,24.9,24.9,58,12.1,Istanbul
2020-09-27,51,24.4,23.2,52,16.9,Istanbul
2020-09-28,3,23.0,23.4,61,7.9,Istanbul
2020-09-29,63,22.1,22.9,78,13.9,Istanbul
2020-09-30,63,18.8,18.7,71,8.6,Istanbul
2020-10-01,1,19.3,18.2,58,9.5,Istanbul
2020-10-02,3,19.9,19.4,64,9.7,Istanbul
2020-10-03,3,20.5,20.2,62,7.8,Istanbul
2020-10-04,3,21.3,21.5,64,7.4,Istanbul
2020-10-05,3,23.9,24.6,61,7.6,Istanbul
2020-10-06,3,23.7,25.2,68,7.6,Istanbul
2020-10-07,3,24.5,26.5,70,8.0,Istanbul
2020-10-08,65,21.2,21.9,77,11.8,Istanbul
2020-10-09,61,17.5,17.5,83,9.7,Istanbul
2020-10-10,51,17.6,17.9,82,7.8,Istanbul
2020-10-11,1,19.2,19.9,77,6.3,Istanbul
2020-10-12,3,19.1,20.0,80,6.0,Istanbul
2020-10-13,51,21.1,21.1,74,14.6,Istanbul
2020-10-14,51,20.8,20.5,72,15.1,Istanbul
2020-10-15,2,19.6,20.3,77,7.5,Istanbul
2020-10-16,3,19.7,19.7,75,11.8,Istanbul
2020-10-17,53,21.3,21.1,68,13.0,Istanbul
2020-10-18,63,18.1,17.6,84,15.1,Istanbul
2020-10-19,3,16.6,13.6,63,20.3,Istanbul
2020-10-20,51,17.0,14.3,68,21.0,Istanbul
2020-10-21,51,18.3,15.7,75,26.3,Istanbul
2020-10-22,3,18.6,18.3,80,13.4,Istanbul
2020-10-23,0,18.1,19.0,86,7.6,Istanbul
2020-10-24,3,18.0,19.3,91,6.5,Istanbul
2020-10-25,3,18.5,20.2,88,3.9,Istanbul
2020-10-26,51,17.9,18.2,84,8.8,Istanbul
2020-10-27,3,17.6,17.6,86,11.9,Istanbul
2020-10-28,51,18.3,19.3,89,8.4,Istanbul
2020-10-29,63,16.6,16.9,88,8.4,Istanbul
2020-10-30,63,15.6,15.5,87,8.1,Istanbul
2020-10-31,51,13.5,11.0,72,14.7,Istanbul
2020-11-01,61,13.0,10.0,68,14.9,Istanbul
2020-11-02,0,13.5,12.2,69,4.5,Istanbul
2020-11-03,53,13.8,13.3,81,4.5,Istanbul
2020-11-04,53,13.6,11.5,83,16.0,Istanbul
2020-11-05,53,14.9,12.3,84,22.9,Istanbul
2020-11-06,51,15.0,11.5,77,25.8,Istanbul
2020-11-07,51,13.5,10.6,77,19.3,Istanbul
2020-11-08,51,14.7,12.2,80,20.0,Istanbul
2020-11-09,3,15.5,13.4,80,18.5,Istanbul
2020-11-10,3,15.5,12.6,80,23.9,Istanbul
2020-11-11,51,14.5,11.1,77,24.2,Istanbul
2020-11-12,51,14.5,11.5,70,18.4,Istanbul
2020-11-13,51,13.6,11.4,80,15.5,Istanbul
2020-11-14,53,13.1,10.8,79,15.3,Istanbul
2020-11-15,2,11.9,9.9,84,12.0,Istanbul
2020-11-16,1,11.7,10.3,83,7.0,Istanbul
2020-11-17,3,12.0,10.4,83,9.2,Istanbul
2020-11-18,53,11.9,9.5,87,16.7,Istanbul
2020-11-19,51,12.0,6.7,70,30.2,Istanbul
2020-11-20,3,11.8,7.4,68,23.6,Istanbul
2020-11-21,51,11.3,6.9,70,23.3,Istanbul
2020-11-22,3,10.4,6.5,75,20.1,Istanbul
2020-11-23,2,9.5,6.8,74,9.6,Istanbul
2020-11-24,51,9.2,6.2,78,13.2,Istanbul
2020-11-25,51,11.5,6.6,61,23.7,Istanbul
2020-11-26,2,11.0,7.4,69,16.4,Istanbul
2020-11-27,0,10.1,7.8,75,8.7,Istanbul
2020-11-28,0,10.3,7.7,76,10.9,Istanbul
2020-11-29,3,11.0,8.5,69,9.0,Istanbul
2020-11-30,3,10.6,6.7,66,17.4,Istanbul
2020-12-01,53,7.4,2.6,81,23.7,Istanbul
2020-12-02,3,6.6,2.6,77,15.6,Istanbul
2020-12-03,3,10.0,7.6,80,11.0,Istanbul
2020-12-04,2,10.1,8.0,85,9.7,Istanbul
2020-12-05,3,11.2,9.4,85,10.3,Istanbul
2020-12-06,3,12.0,9.5,88,16.9,Istanbul
2020-12-07,51,11.2,7.9,83,19.8,Istanbul
2020-12-08,53,11.2,8.9,85,13.3,Istanbul
2020-12-09,3,10.5,8.3,79,9.5,Istanbul
2020-12-10,3,13.5,10.1,64,17.2,Istanbul
2020-12-11,53,13.3,10.4,74,17.3,Istanbul
2020-12-12,53,11.9,9.5,76,12.2,Istanbul
2020-12-13,61,12.7,11.1,84,11.4,Istanbul
2020-12-14,55,12.7,9.1,91,27.6,Istanbul
2020-12-15,61,10.3,5.6,89,29.5,Istanbul
2020-12-16,3,9.7,6.9,85,14.2,Istanbul
2020-12-17,3,9.8,7.0,86,14.2,Istanbul
2020-12-18,51,9.3,6.3,78,12.8,Istanbul
2020-12-19,2,8.5,6.2,84,9.4,Istanbul
2020-12-20,3,8.7,5.6,84,14.0,Istanbul
2020-12-21,51,8.4,4.6,76,17.0,Istanbul
2020-12-22,51,7.3,4.0,77,12.2,Istanbul
2020-12-23,51,6.7,4.3,82,6.5,Istanbul
2020-12-24,3,10.7,7.6,79,16.2,Istanbul
2020-12-25,3,13.0,8.9,69,23.4,Istanbul
2020-12-26,3,14.9,10.7,67,26.2,Istanbul
2020-12-27,51,13.1,11.3,76,10.4,Istanbul
2020-12-28,51,12.8,9.5,68,17.3,Istanbul
2020-12-29,3,14.0,9.2,64,27.7,Istanbul
2020-12-30,2,13.3,10.4,71,15.5,Istanbul
2020-12-31,51,13.1,10.3,72,15.2,Istanbul
2021-01-01,51,12.2,9.3,82,18.6,Istanbul
2021-01-02,1,10.6,8.6,81,9.2,Istanbul
2021-01-03,51,10.3,8.1,76,8.7,Istanbul
2021-01-04,3,11.7,8.8,65,11.4,Istanbul
2021-01-05,55,11.9,8.9,74,15.2,Istanbul
2021-01-06,3,11.0,8.8,78,10.0,Istanbul
2021-01-07,3,12.8,9.2,70,19.7,Istanbul
2021-01-08,51,14.4,10.6,66,23.0,Istanbul
2021-01-09,61,12.0,8.2,80,22.7,Istanbul
2021-01-10,63,9.2,6.1,92,17.7,Istanbul
2021-01-11,53,13.0,11.7,86,10.5,Istanbul
2021-01-12,63,12.8,10.9,87,13.5,Istanbul
2021-01-13,63,7.1,3.6,86,15.6,Istanbul
2021-01-14,51,4.6,0.8,76,13.1,Istanbul
2021-01-15,75,3.5,-0.5,77,12.4,Istanbul
2021-01-16,73,2.8,-1.6,86,15.9,Istanbul
2021-01-17,73,0.5,-6.0,79,27.6,Istanbul
2021-01-18,71,-1.0,-5.3,68,9.8,Istanbul
2021-01-19,3,-0.6,-4.4,65,6.1,Istanbul
2021-01-20,3,2.3,-2.8,69,17.0,Istanbul
2021-01-21,3,7.9,2.5,65,24.3,Istanbul
2021-01-22,3,11.0,5.8,65,26.5,Istanbul
2021-01-23,3,11.9,7.0,66,26.0,Istanbul
2021-01-24,53,11.6,7.4,74,23.1,Istanbul
2021-01-25,61,12.2,7.1,75,31.0,Istanbul
2021-01-26,55,12.8,8.5,75,26.2,Istanbul
2021-01-27,71,5.8,0.8,87,24.3,Istanbul
2021-01-28,73,2.4,-1.7,74,11.8,Istanbul
2021-01-29,3,5.8,-0.3,64,26.9,Istanbul
2021-01-30,61,8.6,4.8,79,18.2,Istanbul
2021-01-31,3,9.7,6.5,77,14.6,Istanbul
2021-02-01,3,12.7,9.4,64,15.9,Istanbul
2021-02-02,55,11.8,9.9,84,11.1,Istanbul
2021-02-03,51,10.9,9.7,91,7.3,Istanbul
2021-02-04,3,9.9,7.9,90,11.3,Istanbul
2021-02-05,3,10.3,9.0,94,7.6,Istanbul
2021-02-06,3,10.0,8.1,92,10.5,Istanbul
2021-02-07,3,11.6,9.8,81,9.7,Istanbul
2021-02-08,51,15.2,11.6,55,18.6,Istanbul
2021-02-09,61,14.7,10.2,72,30.4,Istanbul
2021-02-10,61,13.4,9.6,77,24.6,Istanbul
2021-02-11,3,14.2,10.0,65,25.0,Istanbul
2021-02-12,71,5.2,0.3,68,20.0,Istanbul
2021-02-13,73,1.1,-4.7,59,19.5,Istanbul
2021-02-14,75,1.2,-5.5,81,29.9,Istanbul
2021-02-15,73,1.5,-5.3,79,30.2,Istanbul
2021-02-16,73,0.6,-6.8,71,32.3,Istanbul
2021-02-17,71,0.9,-4.5,70,19.0,Istanbul
2021-02-18,53,3.6,-1.0,78,17.4,Istanbul
2021-02-19,51,3.3,-0.6,77,11.8,Istanbul
2021-02-20,3,3.0,-0.8,67,9.2,Istanbul
2021-02-21,3,4.7,0.4,74,15.0,Istanbul
2021-02-22,3,5.1,2.3,81,7.7,Istanbul
2021-02-23,0,6.6,4.4,79,4.8,Istanbul
2021-02-24,51,6.6,2.9,85,16.3,Istanbul
2021-02-25,51,7.6,3.9,81,16.4,Istanbul
2021-02-26,0,7.6,4.7,81,11.2,Istanbul
2021-02-27,0,7.5,5.3,80,6.1,Istanbul
2021-02-28,51,7.1,2.6,76,19.8,Istanbul
2021-03-01,53,6.2,3.2,78,9.0,Istanbul
2021-03-02,51,5.9,1.1,84,21.8,Istanbul
2021-03-03,3,5.9,2.3,77,12.3,Istanbul
2021-03-04,1,5.3,2.4,78,7.9,Istanbul
2021-03-05,2,9.6,6.3,70,13.2,Istanbul
2021-03-06,61,9.5,5.9,80,18.3,Istanbul
2021-03-07,53,5.5,0.6,71,19.2,Istanbul
2021-03-08,1,4.9,1.6,72,9.1,Istanbul
2021-03-09,51,7.2,4.0,79,12.0,Istanbul
2021-03-10,53,8.7,5.4,85,16.2,Istanbul
2021-03-11,63,6.5,1.0,79,26.6,Istanbul
2021-03-12,3,5.4,2.0,66,8.8,Istanbul
2021-03-13,3,7.0,4.1,77,9.4,Istanbul
2021-03-14,2,9.6,7.8,80,7.3,Istanbul
2021-03-15,51,11.9,9.7,72,10.5,Istanbul
2021-03-16,61,9.8,4.7,78,28.9,Istanbul
2021-03-17,51,7.4,3.3,78,18.1,Istanbul
2021-03-18,51,6.9,3.7,79,11.9,Istanbul
2021-03-19,61,7.4,5.0,82,7.6,Istanbul
2021-03-20,53,7.5,4.0,83,15.4,Istanbul
2021-03-21,61,6.7,1.7,88,25.4,Istanbul
2021-03-22,63,8.1,5.0,92,16.3,Istanbul
2021-03-23,53,6.0,0.2,79,28.7,Istanbul
2021-03-24,51,3.9,-1.3,72,20.2,Istanbul
2021-03-25,51,3.7,-0.9,70,15.7,Istanbul
2021-03-26,51,5.6,1.9,69,10.9,Istanbul
2021-03-27,2,7.9,5.0,72,10.3,Istanbul
2021-03-28,3,8.8,6.0,74,10.8,Istanbul
2021-03-29,51,8.6,5.3,74,13.1,Istanbul
2021-03-30,51,7.0,3.1,79,16.4,Istanbul
2021-03-31,51,7.5,2.1,76,27.0,Istanbul
2021-04-01,51,6.9,2.7,72,16.5,Istanbul
2021-04-02,3,7.9,4.9,80,12.4,Istanbul
2021-04-03,53,12.8,10.2,72,15.6,Istanbul
2021-04-04,53,11.8,8.0,79,22.7,Istanbul
2021-04-05,63,7.7,4.6,87,14.3,Istanbul
2021-04-06,53,11.9,10.8,83,7.4,Istanbul
2021-04-07,53,14.1,11.2,79,22.1,Istanbul
2021-04-08,61,6.3,1.3,86,24.8,Istanbul
2021-04-09,51,6.4,2.3,73,16.5,Istanbul
2021-04-10,51,6.5,2.6,68,13.8,Istanbul
2021-04-11,3,6.9,3.7,71,11.0,Istanbul
2021-04-12,3,8.8,6.1,67,8.4,Istanbul
2021-04-13,53,10.8,9.0,71,7.0,Istanbul
2021-04-14,53,13.3,11.3,75,13.1,Istanbul
2021-04-15,53,10.4,7.2,83,18.2,Istanbul
2021-04-16,51,10.0,6.7,76,16.5,Istanbul
2021-04-17,53,10.4,6.3,80,23.7,Istanbul
2021-04-18,53,11.7,9.9,88,12.9,Istanbul
2021-04-19,61,11.5,9.5,91,14.5,Istanbul
2021-04-20,53,12.1,9.8,83,15.8,Istanbul
2021-04-21,1,12.3,11.2,82,7.7,Istanbul
2021-04-22,3,11.8,10.6,83,8.6,Istanbul
2021-04-23,3,13.8,12.5,75,9.6,Istanbul
2021-04-24,51,12.9,10.7,85,16.0,Istanbul
2021-04-25,53,11.0,6.8,81,25.1,Istanbul
2021-04-26,3,11.5,8.7,72,14.3,Istanbul
2021-04-27,51,12.0,10.4,74,7.4,Istanbul
2021-04-28,3,14.2,12.7,76,11.5,Istanbul
2021-04-29,3,13.6,12.0,83,14.4,Istanbul
2021-04-30,3,14.9,14.7,82,8.3,Istanbul
2021-05-01,3,18.4,19.0,77,7.8,Istanbul
2021-05-02,3,20.5,20.0,66,12.4,Istanbul
2021-05-03,3,20.4,19.9,64,12.1,Istanbul
2021-05-04,3,17.1,15.1,73,19.7,Istanbul
2021-05-05,3,17.0,15.4,71,13.7,Istanbul
2021-05-06,3,16.3,15.9,80,10.5,Istanbul
2021-05-07,3,19.3,19.5,68,7.9,Istanbul
2021-05-08,61,17.4,15.9,75,15.5,Istanbul
2021-05-09,51,14.3,10.8,66,21.4,Istanbul
2021-05-10,1,13.2,9.3,64,23.1,Istanbul
2021-05-11,0,13.8,10.3,64,20.8,Istanbul
2021-05-12,3,14.9,12.6,64,14.9,Istanbul
2021-05-13,51,16.5,15.6,65,8.4,Istanbul
2021-05-14,1,19.0,18.3,66,10.9,Istanbul
2021-05-15,3,19.3,19.3,64,6.5,Istanbul
2021-05-16,63,17.9,17.7,74,8.8,Istanbul
2021-05-17,2,17.7,17.2,77,12.1,Istanbul
2021-05-18,61,18.4,18.2,76,10.0,Istanbul
2021-05-19,2,19.5,18.9,63,9.6,Istanbul
2021-05-20,3,19.9,18.8,64,16.2,Istanbul
2021-05-21,63,15.2,12.4,85,24.9,Istanbul
2021-05-22,53,16.1,15.5,79,12.0,Istanbul
2021-05-23,3,17.8,18.1,73,6.7,Istanbul
2021-05-24,3,19.1,19.3,73,11.0,Istanbul
2021-05-25,3,18.5,17.1,72,19.1,Istanbul
2021-05-26,3,17.6,15.5,78,22.3,Istanbul
2021-05-27,3,17.9,16.3,80,22.7,Istanbul
2021-05-28,51,18.3,18.3,76,11.7,Istanbul
2021-05-29,53,17.8,18.1,83,8.0,Istanbul
2021-05-30,51,19.3,20.0,78,9.3,Istanbul
2021-05-31,51,18.2,17.7,78,13.1,Istanbul
2021-06-01,63,16.0,14.6,81,14.6,Istanbul
2021-06-02,63,14.4,13.0,79,11.0,Istanbul
2021-06-03,51,16.4,15.5,77,10.6,Istanbul
2021-06-04,51,17.4,17.4,74,6.7,Istanbul
2021-06-05,51,17.3,17.8,80,6.1,Istanbul
2021-06-06,1,18.5,18.6,71,7.9,Istanbul
2021-06-07,51,20.1,20.3,67,7.9,Istanbul
2021-06-08,51,20.3,20.5,70,10.1,Istanbul
2021-06-09,2,20.5,20.6,71,12.3,Istanbul
2021-06-10,1,21.1,21.7,75,12.9,Istanbul
2021-06-11,3,21.9,22.5,74,13.0,Istanbul
2021-06-12,3,21.9,22.8,73,11.5,Istanbul
2021-06-13,61,20.9,22.2,78,9.8,Istanbul
2021-06-14,55,18.2,16.9,72,16.2,Istanbul
2021-06-15,63,16.9,16.7,81,9.7,Istanbul
2021-06-16,61,18.4,17.5,80,18.0,Istanbul
2021-06-17,53,19.5,20.7,84,8.5,Istanbul
2021-06-18,61,20.0,21.7,89,9.4,Istanbul
2021-06-19,65,20.0,22.0,91,8.0,Istanbul
2021-06-20,53,20.1,21.8,86,8.4,Istanbul
2021-06-21,51,20.8,21.9,82,11.5,Istanbul
2021-06-22,51,21.3,23.7,86,6.8,Istanbul
2021-06-23,51,22.8,25.9,84,6.1,Istanbul
2021-06-24,3,22.7,26.2,87,5.9,Istanbul
2021-06-25,3,24.4,28.2,85,8.3,Istanbul
2021-06-26,3,24.8,28.8,83,7.9,Istanbul
2021-06-27,51,24.9,28.3,80,8.1,Istanbul
2021-06-28,3,25.0,27.5,78,14.5,Istanbul
2021-06-29,2,25.1,27.0,74,15.4,Istanbul
2021-06-30,0,25.5,27.3,70,14.5,Istanbul
2021-07-01,3,26.2,28.5,65,7.9,Istanbul
2021-07-02,3,25.5,26.8,73,19.0,Istanbul
2021-07-03,51,23.6,24.8,75,14.5,Istanbul
2021-07-04,61,22.5,24.0,72,6.8,Istanbul
2021-07-05,51,24.2,26.3,73,9.3,Istanbul
2021-07-06,63,22.2,23.5,84,15.0,Istanbul
2021-07-07,61,23.5,25.9,86,14.5,Istanbul
2021-07-08,53,23.3,24.6,83,19.4,Istanbul
2021-07-09,51,24.2,25.0,77,22.3,Istanbul
2021-07-10,0,24.2,25.0,76,20.7,Istanbul
2021-07-11,1,24.8,26.8,79,18.4,Istanbul
2021-07-12,1,25.0,27.5,78,14.5,Istanbul
2021-07-13,0,25.4,27.7,74,13.9,Istanbul
2021-07-14,3,25.3,27.5,77,16.2,Istanbul
2021-07-15,1,26.2,28.0,72,18.0,Istanbul
2021-07-16,1,26.2,27.8,74,20.2,Istanbul
2021-07-17,2,26.9,30.1,78,16.9,Istanbul
2021-07-18,0,27.3,29.8,75,20.4,Istanbul
2021-07-19,51,27.0,31.1,80,10.4,Istanbul
2021-07-20,3,27.2,30.7,71,8.9,Istanbul
2021-07-21,1,26.5,28.5,68,13.3,Istanbul
2021-07-22,3,24.2,23.7,63,20.3,Istanbul
2021-07-23,3,24.3,23.4,56,18.5,Istanbul
2021-07-24,3,23.9,22.3,57,21.1,Istanbul
2021-07-25,51,24.7,24.1,63,22.1,Istanbul
2021-07-26,1,25.3,26.0,67,18.2,Istanbul
2021-07-27,0,25.6,27.4,71,14.8,Istanbul
2021-07-28,0,26.8,28.6,69,16.4,Istanbul
2021-07-29,0,27.1,28.2,62,15.5,Istanbul
2021-07-30,0,27.9,28.9,53,12.0,Istanbul
2021-07-31,0,28.7,30.1,54,13.3,Istanbul
2021-08-01,0,27.8,29.8,66,16.6,Istanbul
2021-08-02,0,28.5,30.4,53,5.7,Istanbul
2021-08-03,0,28.7,30.4,59,15.5,Istanbul
2021-08-04,3,28.1,31.7,75,13.0,Istanbul
2021-08-05,0,29.0,31.6,63,11.5,Istanbul
2021-08-06,3,29.3,29.9,51,13.5,Istanbul
2021-08-07,63,24.9,25.1,70,21.0,Istanbul
2021-08-08,1,25.4,25.5,57,15.9,Istanbul
2021-08-09,0,24.6,25.9,63,8.5,Istanbul
2021-08-10,2,25.3,27.5,64,6.0,Istanbul
2021-08-11,3,26.0,29.0,72,8.2,Istanbul
2021-08-12,1,26.0,27.1,67,16.0,Istanbul
2021-08-13,51,25.2,25.3,64,19.1,Istanbul
2021-08-14,3,24.8,23.2,53,20.9,Istanbul
2021-08-15,3,24.4,23.9,58,17.7,Istanbul
2021-08-16,1,24.3,24.8,65,15.5,Istanbul
2021-08-17,0,25.3,26.8,72,16.5,Istanbul
2021-08-18,3,25.6,27.5,73,15.3,Istanbul
2021-08-19,53,24.2,25.1,75,19.1,Istanbul
2021-08-20,1,23.8,22.7,55,17.5,Istanbul
2021-08-21,3,23.8,22.7,59,19.4,Istanbul
2021-08-22,3,24.8,23.8,60,22.4,Istanbul
2021-08-23,1,25.2,24.8,65,23.4,Istanbul
2021-08-24,3,25.1,25.4,69,21.0,Istanbul
2021-08-25,3,25.3,26.9,73,16.2,Istanbul
2021-08-26,3,24.9,27.5,74,7.2,Istanbul
2021-08-27,1,27.0,29.4,65,7.7,Istanbul
2021-08-28,1,26.9,28.6,70,18.0,Istanbul
2021-08-29,1,26.3,29.5,74,9.9,Istanbul
2021-08-30,51,24.7,26.9,79,14.4,Istanbul
2021-08-31,1,25.1,25.3,64,17.7,Istanbul
2021-09-01,2,24.7,24.9,62,14.8,Istanbul
2021-09-02,51,22.7,21.7,55,14.3,Istanbul
2021-09-03,2,21.2,19.2,56,18.9,Istanbul
2021-09-04,3,21.1,19.6,57,15.3,Istanbul
2021-09-05,3,22.2,19.9,55,22.0,Istanbul
2021-09-06,51,21.8,18.4,59,31.3,Istanbul
2021-09-07,3,21.6,17.5,51,30.8,Istanbul
2021-09-08,3,21.7,18.3,54,28.7,Istanbul
2021-09-09,3,22.2,20.0,61,24.0,Istanbul
2021-09-10,61,20.0,19.8,76,14.5,Istanbul
2021-09-11,51,20.5,21.0,68,4.7,Istanbul
2021-09-12,3,19.9,19.9,72,9.4,Istanbul
2021-09-13,3,20.9,21.0,76,14.3,Istanbul
2021-09-14,3,21.5,21.7,76,14.8,Istanbul
2021-09-15,3,21.8,22.4,78,14.0,Istanbul
2021-09-16,51,22.1,22.6,74,13.7,Istanbul
2021-09-17,3,21.4,21.4,62,8.9,Istanbul
2021-09-18,61,23.8,24.2,62,10.7,Istanbul
2021-09-19,63,22.2,23.8,73,6.0,Istanbul
2021-09-20,2,24.2,25.9,68,6.5,Istanbul
2021-09-21,51,20.3,18.8,71,21.2,Istanbul
2021-09-22,51,17.8,15.8,63,14.6,Istanbul
2021-09-23,61,14.3,11.4,76,20.6,Istanbul
2021-09-24,3,16.3,14.6,63,10.3,Istanbul
2021-09-25,51,19.6,19.4,74,12.7,Istanbul
2021-09-26,0,19.2,18.2,65,11.6,Istanbul
2021-09-27,1,19.2,18.3,73,15.4,Istanbul
2021-09-28,2,18.7,17.1,71,18.2,Istanbul
2021-09-29,51,17.9,15.1,68,23.7,Istanbul
2021-09-30,2,17.3,14.2,66,23.4,Istanbul
2021-10-01,51,16.3,13.3,71,22.4,Istanbul
2021-10-02,51,15.9,13.1,73,21.5,Istanbul
2021-10-03,3,16.4,14.1,65,15.5,Istanbul
2021-10-04,2,16.7,14.7,70,16.0,Istanbul
2021-10-05,3,16.2,13.6,67,18.0,Istanbul
2021-10-06,51,15.9,13.8,71,15.1,Istanbul
2021-10-07,3,16.4,14.1,74,19.1,Istanbul
2021-10-08,51,17.0,14.4,77,23.5,Istanbul
2021-10-09,63,17.1,15.6,84,19.5,Istanbul
2021-10-10,3,16.8,14.4,81,24.5,Istanbul
2021-10-11,3,18.4,17.8,80,14.8,Istanbul
2021-10-12,61,18.1,18.2,81,8.9,Istanbul
2021-10-13,63,14.6,12.8,81,14.5,Istanbul
2021-10-14,3,16.2,14.3,77,17.4,Istanbul
2021-10-15,3,18.0,17.6,86,15.4,Istanbul
2021-10-16,53,18.2,17.5,75,12.1,Istanbul
2021-10-17,61,15.3,13.9,86,15.9,Istanbul
2021-10-18,51,14.7,12.6,78,16.3,Istanbul
2021-10-19,51,14.4,12.4,76,14.6,Istanbul
2021-10-20,51,14.3,12.0,73,14.2,Istanbul
2021-10-21,0,13.6,12.5,82,8.3,Istanbul
2021-10-22,0,15.8,14.7,77,11.7,Istanbul
2021-10-23,3,16.2,15.7,82,9.6,Istanbul
2021-10-24,55,13.7,11.5,87,19.3,Istanbul
2021-10-25,3,12.8,8.1,56,22.5,Istanbul
2021-10-26,1,13.1,9.7,66,18.3,Istanbul
2021-10-27,51,13.5,10.7,77,18.1,Istanbul
2021-10-28,3,14.0,10.4,66,20.6,Istanbul
2021-10-29,3,14.0,10.2,66,22.0,Istanbul
2021-10-30,1,14.7,11.2,74,23.8,Istanbul
2021-10-31,53,14.4,12.7,82,14.6,Istanbul
2021-11-01,53,13.9,13.6,91,8.0,Istanbul
2021-11-02,63,14.1,14.1,91,6.3,Istanbul
2021-11-03,51,16.5,16.5,88,10.3,Istanbul
2021-11-04,0,16.4,16.1,81,7.9,Istanbul
2021-11-05,3,15.4,15.7,90,6.8,Istanbul
2021-11-06,3,15.4,15.2,94,11.3,Istanbul
2021-11-07,3,15.5,13.9,87,17.8,Istanbul
2021-11-08,3,14.1,14.2,95,6.0,Istanbul
2021-11-09,61,14.7,13.8,87,11.8,Istanbul
2021-11-10,51,11.0,6.1,66,25.8,Istanbul
2021-11-11,3,10.9,6.3,61,21.7,Istanbul
2021-11-12,0,10.9,7.9,75,14.8,Istanbul
2021-11-13,3,10.1,7.8,77,9.2,Istanbul
2021-11-14,3,10.6,8.5,79,9.4,Istanbul
2021-11-15,3,12.4,9.7,82,17.1,Istanbul
2021-11-16,3,12.3,8.0,74,25.5,Istanbul
2021-11-17,3,11.1,7.5,68,17.1,Istanbul
2021-11-18,3,11.0,8.5,68,9.1,Istanbul
2021-11-19,51,10.3,7.8,75,10.4,Istanbul
2021-11-20,3,8.9,6.5,75,7.8,Istanbul
2021-11-21,3,9.8,7.8,77,6.6,Istanbul
2021-11-22,3,12.5,10.1,77,14.1,Istanbul
2021-11-23,63,13.2,11.1,83,15.3,Istanbul
2021-11-24,51,11.1,6.4,72,25.3,Istanbul
2021-11-25,3,10.3,6.6,68,16.5,Istanbul
2021-11-26,53,10.7,8.6,81,9.9,Istanbul
2021-11-27,63,15.9,12.8,77,25.8,Istanbul
2021-11-28,61,15.4,12.7,76,20.6,Istanbul
2021-11-29,63,17.6,12.5,63,35.1,Istanbul
2021-11-30,63,11.9,7.5,74,26.0,Istanbul
2021-12-01,3,8.3,3.7,66,19.6,Istanbul
2021-12-02,3,11.7,7.3,64,21.8,Istanbul
2021-12-03,3,14.5,10.2,71,29.1,Istanbul
2021-12-04,61,12.5,10.2,86,16.5,Istanbul
2021-12-05,51,11.7,10.5,89,8.1,Istanbul
2021-12-06,3,14.0,12.3,80,12.5,Istanbul
2021-12-07,61,12.6,11.0,83,10.3,Istanbul
2021-12-08,61,9.8,7.5,86,11.5,Istanbul
2021-12-09,3,11.2,8.5,78,13.6,Istanbul
2021-12-10,63,12.9,10.2,74,15.8,Istanbul
2021-12-11,51,14.0,10.8,70,19.1,Istanbul
2021-12-12,61,13.7,11.5,78,15.0,Istanbul
2021-12-13,61,11.3,8.7,89,16.6,Istanbul
2021-12-14,55,10.5,6.2,86,26.0,Istanbul
2021-12-15,53,6.5,0.9,85,29.0,Istanbul
2021-12-16,53,5.3,1.2,86,17.5,Istanbul
2021-12-17,53,5.3,1.5,89,15.3,Istanbul
2021-12-18,51,5.3,0.2,81,23.7,Istanbul
2021-12-19,53,5.0,-0.5,74,24.1,Istanbul
2021-12-20,51,5.0,0.8,77,15.4,Istanbul
2021-12-21,3,3.2,-0.8,73,12.1,Istanbul
2021-12-22,51,1.7,-1.8,74,6.5,Istanbul
2021-12-23,51,1.2,-2.2,80,6.8,Istanbul
2021-12-24,3,4.7,-0.7,70,22.4,Istanbul
2021-12-25,3,9.6,3.6,65,31.1,Istanbul
2021-12-26,3,12.0,7.2,73,28.7,Istanbul
2021-12-27,3,13.2,8.6,70,27.2,Istanbul
2021-12-28,3,13.3,9.4,65,21.1,Istanbul
2021-12-29,53,11.3,9.3,80,10.0,Istanbul
2021-12-30,51,11.3,8.0,82,19.6,Istanbul
2021-12-31,3,8.6,4.8,85,19.4,Istanbul
2022-01-01,53,8.1,5.8,92,10.5,Istanbul
2022-01-02,53,9.3,7.3,89,9.1,Istanbul
2022-01-03,3,9.1,5.9,85,16.2,Istanbul
2022-01-04,3,10.5,8.1,84,13.3,Istanbul
2022-01-05,2,12.8,9.0,75,23.7,Istanbul
2022-01-06,3,14.3,10.3,74,27.0,Istanbul
2022-01-07,61,10.7,7.9,88,16.7,Istanbul
2022-01-08,53,10.0,8.3,92,9.7,Istanbul
2022-01-09,3,10.0,8.6,90,6.9,Istanbul
2022-01-10,51,9.9,7.7,92,12.3,Istanbul
2022-01-11,51,9.0,3.5,90,33.2,Istanbul
2022-01-12,73,3.5,-4.2,83,39.3,Istanbul
2022-01-13,71,1.4,-5.3,63,26.9,Istanbul
2022-01-14,3,2.4,-1.6,70,11.1,Istanbul
2022-01-15,71,4.6,0.2,70,15.0,Istanbul
2022-01-16,51,3.1,-1.4,68,13.5,Istanbul
2022-01-17,51,5.0,-0.3,66,20.7,Istanbul
2022-01-18,71,4.9,-0.4,63,20.2,Istanbul
2022-01-19,71,1.8,-3.9,59,19.7,Istanbul
2022-01-20,3,5.0,-1.4,59,26.5,Istanbul
2022-01-21,75,6.0,1.0,82,23.8,Istanbul
2022-01-22,73,1.3,-3.1,70,12.1,Istanbul
2022-01-23,73,-0.1,-5.8,71,20.2,Istanbul
2022-01-24,75,0.5,-5.0,76,20.0,Istanbul
2022-01-25,73,0.0,-6.3,73,25.0,Istanbul
2022-01-26,71,0.5,-4.1,71,13.1,Istanbul
2022-01-27,51,1.6,-2.3,75,9.9,Istanbul
2022-01-28,3,4.8,-0.2,69,19.3,Istanbul
2022-01-29,51,5.4,2.2,80,9.5,Istanbul
2022-01-30,3,3.4,-0.3,83,11.3,Istanbul
2022-01-31,3,4.6,1.0,75,11.0,Istanbul
2022-02-01,53,6.6,2.9,73,13.2,Istanbul
2022-02-02,65,7.1,4.2,88,12.3,Istanbul
2022-02-03,71,4.1,-1.3,91,25.5,Istanbul
2022-02-04,3,4.0,-0.2,68,13.0,Istanbul
2022-02-05,2,4.5,0.5,74,13.2,Istanbul
2022-02-06,3,6.2,3.5,85,8.7,Istanbul
2022-02-07,63,8.8,3.8,72,24.8,Istanbul
2022-02-08,63,6.5,1.0,90,29.3,Istanbul
2022-02-09,55,5.0,-0.6,70,24.0,Istanbul
2022-02-10,3,5.2,2.0,79,8.8,Istanbul
2022-02-11,0,5.5,2.2,77,9.8,Istanbul
2022-02-12,3,7.1,3.9,84,13.1,Istanbul
2022-02-13,51,6.8,1.4,77,26.1,Istanbul
2022-02-14,3,5.8,2.1,77,13.0,Istanbul
2022-02-15,1,4.5,1.7,81,6.6,Istanbul
2022-02-16,3,6.6,3.6,76,8.7,Istanbul
2022-02-17,3,8.1,5.0,72,10.2,Istanbul
2022-02-18,53,8.5,5.0,81,16.6,Istanbul
2022-02-19,3,5.4,2.8,85,7.0,Istanbul
2022-02-20,3,8.5,5.7,73,9.1,Istanbul
2022-02-21,51,10.0,8.2,80,6.8,Istanbul
2022-02-22,61,11.9,9.8,80,12.2,Istanbul
2022-02-23,63,9.2,6.1,93,17.4,Istanbul
2022-02-24,61,6.2,0.6,86,29.0,Istanbul
2022-02-25,53,6.7,2.1,82,21.6,Istanbul
2022-02-26,3,7.4,4.7,78,7.9,Istanbul
2022-02-27,55,7.6,2.7,78,23.3,Istanbul
2022-02-28,61,5.9,1.7,85,18.6,Istanbul
2022-03-01,51,3.2,-1.1,79,14.6,Istanbul
2022-03-02,51,3.2,-1.3,71,14.7,Istanbul
2022-03-03,51,4.1,-0.5,74,16.8,Istanbul
2022-03-04,51,5.9,2.4,70,10.6,Istanbul
2022-03-05,51,6.4,3.0,75,11.4,Istanbul
2022-03-06,53,6.8,1.0,80,28.9,Istanbul
2022-03-07,61,6.0,1.8,85,18.6,Istanbul
2022-03-08,53,4.7,0.2,85,19.5,Istanbul
2022-03-09,71,3.6,-1.7,71,20.9,Istanbul
2022-03-10,73,1.8,-4.0,72,22.5,Istanbul
2022-03-11,73,-0.1,-6.9,70,27.5,Istanbul
2022-03-12,75,-1.6,-7.4,76,20.6,Istanbul
2022-03-13,73,0.8,-3.3,76,11.3,Istanbul
2022-03-14,71,-0.4,-4.2,78,8.9,Istanbul
2022-03-15,51,3.9,0.8,76,6.3,Istanbul
2022-03-16,3,4.9,1.7,76,9.6,Istanbul
2022-03-17,53,5.3,1.2,78,15.8,Istanbul
2022-03-18,73,1.8,-4.3,65,23.7,Istanbul
2022-03-19,73,1.4,-4.5,68,22.8,Istanbul
2022-03-20,73,3.8,-2.2,63,24.3,Istanbul
2022-03-21,51,4.6,-1.0,58,21.0,Istanbul
2022-03-22,51,4.8,1.0,74,12.6,Istanbul
2022-03-23,51,5.7,0.7,74,21.7,Istanbul
2022-03-24,3,6.3,2.9,70,11.1,Istanbul
2022-03-25,51,7.9,4.7,71,12.1,Istanbul
2022-03-26,73,6.2,3.0,80,11.0,Istanbul
2022-03-27,1,8.3,5.0,78,14.6,Istanbul
2022-03-28,3,10.3,8.5,75,6.8,Istanbul
2022-03-29,3,11.4,9.0,71,10.9,Istanbul
2022-03-30,3,11.5,9.3,77,11.7,Istanbul
2022-03-31,3,13.3,10.4,70,16.6,Istanbul
2022-04-01,3,16.6,13.2,57,20.1,Istanbul
2022-04-02,3,16.2,11.5,56,29.6,Istanbul
2022-04-03,63,13.0,8.3,68,28.4,Istanbul
2022-04-04,53,9.3,5.8,71,15.2,Istanbul
2022-04-05,61,9.3,7.6,90,7.9,Istanbul
2022-04-06,1,10.3,8.3,76,8.7,Istanbul
2022-04-07,63,11.9,10.1,79,10.5,Istanbul
2022-04-08,51,12.9,10.6,82,15.8,Istanbul
2022-04-09,1,14.4,13.0,72,10.9,Istanbul
2022-04-10,51,15.8,14.4,73,12.9,Istanbul
2022-04-11,63,8.3,3.9,86,22.9,Istanbul
2022-04-12,61,8.3,6.2,77,6.9,Istanbul
2022-04-13,51,8.9,6.6,72,6.2,Istanbul
2022-04-14,1,10.7,8.7,68,7.0,Istanbul
2022-04-15,0,12.7,10.5,63,10.2,Istanbul
2022-04-16,3,13.4,12.7,77,6.6,Istanbul
2022-04-17,61,11.2,7.1,79,24.0,Istanbul
2022-04-18,55,8.1,2.7,87,30.2,Istanbul
2022-04-19,53,7.5,4.1,81,14.5,Istanbul
2022-04-20,1,9.9,7.8,72,8.5,Istanbul
2022-04-21,61,10.3,8.6,77,8.1,Istanbul
2022-04-22,3,14.3,13.4,78,8.4,Istanbul
2022-04-23,51,15.5,15.3,81,7.8,Istanbul
2022-04-24,1,16.1,15.7,78,9.9,Istanbul
2022-04-25,3,14.4,13.7,79,9.1,Istanbul
2022-04-26,3,16.5,15.7,73,10.5,Istanbul
2022-04-27,1,14.5,11.8,73,19.5,Istanbul
2022-04-28,0,14.0,11.5,81,20.6,Istanbul
2022-04-29,3,13.9,11.3,81,21.1,Istanbul
2022-04-30,51,13.0,9.5,86,25.7,Istanbul
2022-05-01,3,13.7,11.1,82,20.4,Istanbul
2022-05-02,51,13.8,10.1,76,26.5,Istanbul
2022-05-03,61,12.3,9.3,84,19.5,Istanbul
2022-05-04,51,11.6,9.0,79,14.0,Istanbul
2022-05-05,3,11.9,10.1,79,10.9,Istanbul
2022-05-06,1,13.0,10.5,76,17.0,Istanbul
2022-05-07,3,13.0,10.6,77,16.4,Istanbul
2022-05-08,3,13.1,10.2,77,20.1,Istanbul
2022-05-09,3,13.0,9.7,71,20.7,Istanbul
2022-05-10,0,13.5,10.5,70,19.5,Istanbul
2022-05-11,3,14.9,12.9,71,14.4,Istanbul
2022-05-12,0,16.7,15.7,60,7.0,Istanbul
2022-05-13,3,18.7,18.2,60,7.5,Istanbul
2022-05-14,3,17.8,17.2,66,9.4,Istanbul
2022-05-15,3,18.6,18.4,71,10.2,Istanbul
2022-05-16,3,18.7,18.9,74,9.2,Istanbul
2022-05-17,3,19.5,19.4,62,7.2,Istanbul
2022-05-18,63,17.0,15.1,74,19.9,Istanbul
2022-05-19,3,13.9,10.7,64,17.2,Istanbul
2022-05-20,0,15.0,12.7,62,13.6,Istanbul
2022-05-21,3,17.2,17.8,74,5.7,Istanbul
2022-05-22,3,17.9,17.7,76,11.1,Istanbul
2022-05-23,55,17.9,17.9,78,10.9,Istanbul
2022-05-24,3,19.2,18.5,64,11.3,Istanbul
2022-05-25,63,19.6,19.6,69,11.4,Istanbul
2022-05-26,3,20.4,22.2,80,7.2,Istanbul
2022-05-27,3,21.6,22.5,71,11.1,Istanbul
2022-05-28,3,22.5,24.3,70,6.6,Istanbul
2022-05-29,3,25.1,26.1,62,12.7,Istanbul
2022-05-30,1,23.4,24.3,66,11.7,Istanbul
2022-05-31,0,22.2,22.9,72,13.9,Istanbul
2022-06-01,1,21.5,22.0,76,15.6,Istanbul
2022-06-02,3,20.5,20.4,80,18.4,Istanbul
2022-06-03,3,21.4,21.4,80,20.6,Istanbul
2022-06-04,3,21.8,22.0,80,21.0,Istanbul
2022-06-05,3,22.3,23.3,71,11.5,Istanbul
2022-06-06,3,21.5,21.7,71,13.9,Istanbul
2022-06-07,51,19.6,19.3,76,14.1,Istanbul
2022-06-08,53,19.6,20.2,78,8.9,Istanbul
2022-06-09,3,20.9,22.1,74,7.3,Istanbul
2022-06-10,51,23.3,24.3,67,10.1,Istanbul
2022-06-11,63,22.0,23.3,78,10.9,Istanbul
2022-06-12,63,20.0,20.4,87,16.2,Istanbul
2022-06-13,3,21.3,21.9,83,16.9,Istanbul
2022-06-14,0,22.1,23.5,78,13.0,Istanbul
2022-06-15,2,21.7,21.5,78,21.9,Istanbul
2022-06-16,3,21.5,20.2,67,22.1,Istanbul
2022-06-17,3,21.3,20.9,72,19.3,Istanbul
2022-06-18,2,21.4,20.7,74,21.7,Istanbul
2022-06-19,1,21.5,20.7,72,22.0,Istanbul
2022-06-20,53,21.4,21.4,78,17.5,Istanbul
2022-06-21,61,20.5,21.8,81,10.7,Istanbul
2022-06-22,51,24.2,26.0,67,8.5,Istanbul
2022-06-23,53,23.1,24.7,68,6.6,Istanbul
2022-06-24,51,22.2,22.6,67,10.8,Istanbul
2022-06-25,51,23.3,23.7,63,11.0,Istanbul
2022-06-26,51,22.2,22.7,68,11.0,Istanbul
2022-06-27,53,22.7,23.4,73,13.6,Istanbul
2022-06-28,63,22.8,23.2,74,18.0,Istanbul
2022-06-29,61,22.7,23.1,73,17.2,Istanbul
2022-06-30,3,22.8,23.7,75,15.0,Istanbul
2022-07-01,0,24.5,25.8,73,15.7,Istanbul
2022-07-02,0,24.5,25.3,71,18.9,Istanbul
2022-07-03,0,24.0,22.5,60,25.0,Istanbul
2022-07-04,0,23.2,21.8,62,24.0,Istanbul
2022-07-05,0,23.9,23.0,62,22.2,Istanbul
2022-07-06,1,24.3,24.6,69,19.5,Istanbul
2022-07-07,51,24.8,26.0,71,15.9,Istanbul
2022-07-08,53,24.3,25.2,76,19.3,Istanbul
2022-07-09,51,24.2,24.9,74,19.8,Istanbul
2022-07-10,63,21.0,20.9,79,17.8,Istanbul
2022-07-11,51,22.5,22.7,67,13.2,Istanbul
2022-07-12,51,22.8,22.7,66,16.5,Istanbul
2022-07-13,51,22.8,22.8,66,14.2,Istanbul
2022-07-14,1,23.3,22.8,64,18.6,Istanbul
2022-07-15,1,23.9,23.6,65,19.8,Istanbul
2022-07-16,0,24.5,25.4,68,14.7,Istanbul
2022-07-17,1,25.0,25.9,69,16.9,Istanbul
2022-07-18,51,24.0,22.4,62,26.5,Istanbul
2022-07-19,3,22.9,20.5,57,25.0,Istanbul
2022-07-20,3,23.6,21.6,56,24.0,Istanbul
2022-07-21,1,23.7,25.1,68,10.2,Istanbul
2022-07-22,3,24.5,25.4,62,9.9,Istanbul
2022-07-23,0,25.4,26.2,56,8.3,Istanbul
2022-07-24,0,25.7,26.1,54,11.8,Istanbul
2022-07-25,3,25.3,25.5,61,17.5,Istanbul
2022-07-26,0,26.0,26.8,63,15.8,Istanbul
2022-07-27,0,25.7,25.4,57,18.3,Istanbul
2022-07-28,0,25.4,25.7,72,25.2,Istanbul
2022-07-29,1,25.7,25.8,69,25.1,Istanbul
2022-07-30,2,25.9,27.2,73,20.1,Istanbul
2022-07-31,61,26.4,28.4,75,18.5,Istanbul
2022-08-01,1,26.1,26.9,63,15.5,Istanbul
2022-08-02,0,24.7,25.0,62,15.6,Istanbul
2022-08-03,51,25.1,25.5,68,20.0,Istanbul
2022-08-04,2,25.5,25.4,65,22.2,Istanbul
2022-08-05,1,25.9,26.6,67,20.3,Istanbul
2022-08-06,1,25.8,26.4,70,21.9,Istanbul
2022-08-07,51,26.2,26.8,67,21.7,Istanbul
2022-08-08,51,27.0,27.1,66,26.3,Istanbul
2022-08-09,51,27.3,27.8,64,22.8,Istanbul
2022-08-10,61,25.7,26.4,70,21.2,Istanbul
2022-08-11,63,23.8,24.5,75,17.9,Istanbul
2022-08-12,51,24.7,25.9,72,15.8,Istanbul
2022-08-13,51,25.2,26.5,73,17.9,Istanbul
2022-08-14,51,25.4,27.9,73,10.0,Istanbul
2022-08-15,63,21.8,24.3,87,7.8,Istanbul
2022-08-16,2,24.4,26.7,74,10.5,Istanbul
2022-08-17,53,25.2,29.0,80,7.3,Istanbul
2022-08-18,3,25.5,29.0,80,8.7,Istanbul
2022-08-19,51,25.8,28.7,77,11.5,Istanbul
2022-08-20,51,25.4,28.1,76,11.1,Istanbul
2022-08-21,51,25.9,27.9,75,16.9,Istanbul
2022-08-22,51,26.8,29.1,76,17.7,Istanbul
2022-08-23,53,26.4,29.6,81,15.9,Istanbul
2022-08-24,53,26.5,29.0,83,22.1,Istanbul
2022-08-25,61,23.7,26.8,84,8.3,Istanbul
2022-08-26,63,23.5,27.0,83,4.2,Istanbul
2022-08-27,53,24.7,29.0,85,4.8,Istanbul
2022-08-28,3,25.4,28.6,79,9.7,Istanbul
2022-08-29,1,26.1,28.2,75,16.5,Istanbul
2022-08-30,51,26.4,29.0,79,17.9,Istanbul
2022-08-31,55,25.2,28.2,81,12.7,Istanbul
2022-09-01,63,24.4,27.3,81,10.0,Istanbul
2022-09-02,51,25.7,28.5,78,12.9,Istanbul
2022-09-03,51,23.9,26.2,79,11.4,Istanbul
2022-09-04,51,22.6,22.5,75,21.0,Istanbul
2022-09-05,51,21.4,19.1,65,26.3,Istanbul
2022-09-06,51,21.3,18.5,57,24.3,Istanbul
2022-09-07,2,21.8,18.7,52,24.5,Istanbul
2022-09-08,0,21.6,20.0,60,18.6,Istanbul
2022-09-09,0,22.0,22.8,73,11.5,Istanbul
2022-09-10,0,22.4,23.7,70,6.2,Istanbul
2022-09-11,51,23.5,25.6,76,8.6,Istanbul
2022-09-12,55,21.1,21.5,77,13.7,Istanbul
2022-09-13,53,19.8,19.6,73,11.3,Istanbul
2022-09-14,3,20.5,20.7,64,6.1,Istanbul
2022-09-15,3,22.7,22.2,60,13.4,Istanbul
2022-09-16,3,24.9,24.8,56,13.3,Istanbul
2022-09-17,3,24.8,25.7,62,9.6,Istanbul
2022-09-18,63,22.4,22.5,71,16.2,Istanbul
2022-09-19,1,19.3,17.0,56,16.8,Istanbul
2022-09-20,1,17.8,16.1,69,16.2,Istanbul
2022-09-21,51,17.7,15.4,61,15.0,Istanbul
2022-09-22,63,14.3,11.9,78,17.5,Istanbul
2022-09-23,51,14.4,12.9,75,9.9,Istanbul
2022-09-24,1,15.3,14.0,67,7.6,Istanbul
2022-09-25,2,17.4,16.5,65,8.0,Istanbul
2022-09-26,3,18.5,17.9,69,10.7,Istanbul
2022-09-27,61,20.8,19.4,64,17.7,Istanbul
2022-09-28,63,22.2,22.6,76,16.8,Istanbul
2022-09-29,0,22.6,23.3,72,13.8,Istanbul
2022-09-30,2,22.5,23.7,73,9.5,Istanbul
2022-10-01,3,22.5,23.8,73,9.0,Istanbul
2022-10-02,63,21.8,21.3,64,13.6,Istanbul
2022-10-03,53,18.6,17.7,64,10.0,Istanbul
2022-10-04,51,17.0,15.2,67,13.4,Istanbul
2022-10-05,2,16.7,14.0,61,17.1,Istanbul
2022-10-06,51,17.5,14.3,64,23.5,Istanbul
2022-10-07,51,18.4,15.0,63,25.8,Istanbul
2022-10-08,63,18.4,16.4,70,19.6,Istanbul
2022-10-09,3,17.6,16.7,70,10.0,Istanbul
2022-10-10,3,17.7,16.3,75,15.9,Istanbul
2022-10-11,3,17.7,15.6,75,20.7,Istanbul
2022-10-12,51,17.2,14.6,66,20.3,Istanbul
2022-10-13,3,17.9,15.6,69,20.0,Istanbul
2022-10-14,53,17.5,14.3,68,24.8,Istanbul
2022-10-15,61,16.4,13.9,83,25.0,Istanbul
2022-10-16,51,16.8,13.1,70,28.0,Istanbul
2022-10-17,51,16.8,13.3,72,27.8,Istanbul
2022-10-18,51,17.1,14.5,76,23.7,Istanbul
2022-10-19,3,16.6,15.5,79,13.7,Istanbul
2022-10-20,51,14.3,12.2,78,15.3,Istanbul
2022-10-21,1,13.3,9.8,60,16.3,Istanbul
2022-10-22,1,12.4,10.5,68,7.2,Istanbul
2022-10-23,3,15.7,14.0,73,13.4,Istanbul
2022-10-24,2,15.5,14.8,78,7.6,Istanbul
2022-10-25,3,16.3,15.9,76,6.2,Istanbul
2022-10-26,3,16.0,15.6,85,9.8,Istanbul
2022-10-27,3,15.9,14.8,84,14.3,Istanbul
2022-10-28,1,16.0,13.4,74,20.2,Istanbul
2022-10-29,3,14.8,12.5,74,15.4,Istanbul
2022-10-30,0,14.1,12.5,77,10.2,Istanbul
2022-10-31,51,14.5,13.5,79,7.9,Istanbul
2022-11-01,1,14.7,13.6,80,10.0,Istanbul
2022-11-02,0,13.9,13.0,83,8.0,Istanbul
2022-11-03,3,15.0,13.8,85,13.3,Istanbul
2022-11-04,3,15.2,14.4,80,9.0,Istanbul
2022-11-05,3,16.6,15.1,63,8.1,Istanbul
2022-11-06,3,16.6,14.3,61,12.6,Istanbul
2022-11-07,51,14.9,12.2,77,20.5,Istanbul
2022-11-08,3,12.8,10.3,70,11.7,Istanbul
2022-11-09,3,12.1,9.9,73,9.8,Istanbul
2022-11-10,0,11.9,9.6,75,11.1,Istanbul
2022-11-11,3,12.6,10.4,76,11.8,Istanbul
2022-11-12,3,14.8,11.5,74,22.5,Istanbul
2022-11-13,3,14.4,11.7,74,17.7,Istanbul
2022-11-14,3,13.2,10.2,69,15.8,Istanbul
2022-11-15,3,13.2,11.2,73,10.8,Istanbul
2022-11-16,51,12.2,9.6,77,14.2,Istanbul
2022-11-17,53,16.2,12.2,65,26.4,Istanbul
2022-11-18,53,18.1,14.6,62,24.8,Istanbul
2022-11-19,3,19.4,15.8,62,28.4,Istanbul
2022-11-20,3,19.9,15.8,53,27.8,Istanbul
2022-11-21,53,19.1,14.8,53,28.4,Istanbul
2022-11-22,63,13.2,10.9,78,15.0,Istanbul
2022-11-23,61,14.9,12.0,67,17.5,Istanbul
2022-11-24,51,12.9,11.8,82,7.3,Istanbul
2022-11-25,51,10.6,6.8,72,18.7,Istanbul
2022-11-26,51,9.2,5.8,73,14.6,Istanbul
2022-11-27,3,9.0,5.4,69,14.2,Istanbul
2022-11-28,3,10.5,7.1,72,15.9,Istanbul
2022-11-29,3,12.0,9.7,78,12.0,Istanbul
2022-11-30,55,13.1,10.0,85,22.6,Istanbul
2022-12-01,55,13.2,10.5,85,19.1,Istanbul
2022-12-02,63,10.9,8.9,92,13.1,Istanbul
2022-12-03,3,10.9,7.6,82,18.9,Istanbul
2022-12-04,3,10.6,7.1,79,18.7,Istanbul
2022-12-05,51,10.7,8.2,82,13.6,Istanbul
2022-12-06,51,10.8,8.4,81,12.3,Istanbul
2022-12-07,51,9.5,7.5,88,8.9,Istanbul
2022-12-08,3,10.7,8.6,79,8.9,Istanbul
2022-12-09,51,13.9,11.7,76,14.5,Istanbul
2022-12-10,53,15.1,11.2,66,24.5,Istanbul
2022-12-11,3,16.8,12.5,65,29.7,Istanbul
2022-12-12,65,14.6,11.9,76,19.3,Istanbul
2022-12-13,63,8.7,4.3,77,22.1,Istanbul
2022-12-14,3,8.5,4.6,73,16.3,Istanbul
2022-12-15,63,12.3,10.1,81,14.4,Istanbul
2022-12-16,55,14.5,13.4,81,10.2,Istanbul
2022-12-17,3,15.2,13.0,75,16.8,Istanbul
2022-12-18,51,11.9,8.8,84,19.6,Istanbul
2022-12-19,51,7.3,1.2,72,30.8,Istanbul
2022-12-20,3,7.3,1.6,59,24.2,Istanbul
2022-12-21,3,7.2,3.6,68,11.8,Istanbul
2022-12-22,0,7.6,4.9,70,7.5,Istanbul
2022-12-23,3,7.7,5.1,82,9.2,Istanbul
2022-12-24,3,7.8,5.2,86,10.7,Istanbul
2022-12-25,53,9.7,7.6,82,9.2,Istanbul
2022-12-26,3,7.3,5.0,85,7.0,Istanbul
2022-12-27,3,9.9,6.3,72,16.0,Istanbul
2022-12-28,53,9.1,6.2,86,14.4,Istanbul
2022-12-29,3,9.0,7.0,84,8.3,Istanbul
2022-12-30,3,8.8,6.7,89,9.5,Istanbul
2022-12-31,3,9.2,7.1,84,7.8,Istanbul
2023-01-01,0,8.3,6.0,78,7.2,Istanbul
2023-01-02,0,7.2,5.0,86,7.2,Istanbul
2023-01-03,3,7.6,5.0,88,10.4,Istanbul
2023-01-04,51,8.9,6.7,90,10.3,Istanbul
2023-01-05,3,9.8,7.9,88,9.3,Istanbul
2023-01-06,53,10.5,8.0,88,13.8,Istanbul
2023-01-07,3,7.8,6.0,86,5.1,Istanbul
2023-01-08,3,6.8,4.3,84,7.5,Istanbul
2023-01-09,3,7.0,3.7,73,10.8,Istanbul
2023-01-10,53,9.6,5.4,66,18.1,Istanbul
2023-01-11,51,10.6,7.8,79,13.6,Istanbul
2023-01-12,51,9.4,7.3,91,11.5,Istanbul
2023-01-13,55,9.5,6.3,88,17.4,Istanbul
2023-01-14,3,9.1,5.7,85,17.1,Istanbul
2023-01-15,51,8.8,5.1,82,18.1,Istanbul
2023-01-16,3,7.4,4.8,88,10.0,Istanbul
2023-01-17,3,13.1,7.7,63,30.5,Istanbul
2023-01-18,3,15.3,9.3,57,35.5,Istanbul
2023-01-19,3,14.0,9.8,63,23.1,Istanbul
2023-01-20,61,12.0,9.0,69,13.8,Istanbul
2023-01-21,3,11.8,9.1,73,13.2,Istanbul
2023-01-22,3,11.0,9.0,74,7.7,Istanbul
2023-01-23,3,9.1,5.5,84,18.6,Istanbul
2023-01-24,3,7.9,3.4,70,20.0,Istanbul
2023-01-25,51,6.3,1.5,74,20.8,Istanbul
2023-01-26,3,8.1,4.0,76,17.9,Istanbul
2023-01-27,61,10.1,7.5,78,11.3,Istanbul
2023-01-28,53,7.0,3.4,84,15.3,Istanbul
2023-01-29,3,4.2,-0.1,71,14.6,Istanbul
2023-01-30,3,4.0,-0.5,66,14.4,Istanbul
2023-01-31,3,2.4,-1.3,77,9.8,Istanbul
2023-02-01,51,4.6,0.6,73,12.9,Istanbul
2023-02-02,51,7.6,2.6,69,22.1,Istanbul
2023-02-03,71,4.7,1.4,78,9.9,Istanbul
2023-02-04,55,4.8,-0.0,79,20.3,Istanbul
2023-02-05,73,3.1,-3.5,87,32.5,Istanbul
2023-02-06,75,3.1,-5.4,79,43.0,Istanbul
2023-02-07,73,1.8,-5.7,71,34.3,Istanbul
2023-02-08,71,1.7,-4.6,75,26.6,Istanbul
2023-02-09,51,3.6,-1.9,73,22.4,Istanbul
2023-02-10,51,3.6,-1.7,65,19.2,Istanbul
2023-02-11,3,3.4,-1.2,62,14.3,Istanbul
2023-02-12,3,2.0,-1.6,71,7.3,Istanbul
2023-02-13,51,5.0,0.5,66,15.0,Istanbul
2023-02-14,3,3.3,0.1,75,6.5,Istanbul
2023-02-15,51,4.4,-0.1,74,16.3,Istanbul
2023-02-16,3,3.5,-0.1,76,10.0,Istanbul
2023-02-17,3,7.4,2.8,72,19.8,Istanbul
2023-02-18,3,10.1,5.7,72,22.5,Istanbul
2023-02-19,3,11.6,7.4,73,23.9,Istanbul
2023-02-20,61,9.5,6.5,84,15.0,Istanbul
2023-02-21,3,9.3,5.7,78,17.5,Istanbul
2023-02-22,3,10.6,8.0,77,12.0,Istanbul
2023-02-23,3,8.7,5.7,83,13.5,Istanbul
2023-02-24,3,7.8,5.2,88,11.4,Istanbul
2023-02-25,3,11.3,7.6,77,20.4,Istanbul
2023-02-26,3,13.8,10.2,62,18.1,Istanbul
2023-02-27,3,14.5,12.4,62,9.9,Istanbul
2023-02-28,51,9.9,6.7,87,17.5,Istanbul
2023-03-01,61,8.3,3.6,91,26.4,Istanbul
2023-03-02,3,7.6,3.1,83,22.5,Istanbul
2023-03-03,51,7.9,4.8,85,13.8,Istanbul
2023-03-04,51,8.3,6.5,86,5.7,Istanbul
2023-03-05,61,9.0,7.3,91,7.6,Istanbul
2023-03-06,53,8.2,6.3,88,7.4,Istanbul
2023-03-07,51,10.6,7.4,80,17.0,Istanbul
2023-03-08,51,12.0,9.4,83,17.1,Istanbul
2023-03-09,53,12.8,9.9,81,19.6,Istanbul
2023-03-10,3,14.0,10.7,76,22.7,Istanbul
2023-03-11,65,14.0,9.5,77,31.2,Istanbul
2023-03-12,53,9.4,5.1,74,21.8,Istanbul
2023-03-13,51,7.7,1.8,66,27.5,Istanbul
2023-03-14,3,7.6,3.1,66,18.0,Istanbul
2023-03-15,3,8.9,6.9,77,6.0,Istanbul
2023-03-16,55,10.1,8.2,90,10.7,Istanbul
2023-03-17,61,7.7,2.8,91,27.2,Istanbul
2023-03-18,55,7.4,3.0,88,22.2,Istanbul
2023-03-19,55,8.7,4.8,91,21.9,Istanbul
2023-03-20,3,9.3,7.2,85,8.8,Istanbul
2023-03-21,3,9.8,7.8,85,9.9,Istanbul
2023-03-22,63,8.9,5.6,90,17.7,Istanbul
2023-03-23,51,9.4,6.9,88,12.6,Istanbul
2023-03-24,3,9.1,7.1,89,9.1,Istanbul
2023-03-25,3,8.8,7.4,94,6.4,Istanbul
2023-03-26,63,10.3,9.0,91,7.3,Istanbul
2023-03-27,3,13.0,10.6,76,15.5,Istanbul
2023-03-28,63,9.7,6.1,83,19.8,Istanbul
2023-03-29,73,4.9,0.8,81,16.1,Istanbul
2023-03-30,71,4.8,1.2,66,10.5,Istanbul
2023-03-31,51,8.7,4.8,67,15.4,Istanbul
2023-04-01,51,13.8,10.1,68,21.9,Istanbul
2023-04-02,63,13.5,10.9,82,19.6,Istanbul
2023-04-03,61,13.3,11.3,83,15.3,Istanbul
2023-04-04,61,13.1,12.0,85,10.0,Istanbul
2023-04-05,53,8.6,5.4,85,15.9,Istanbul
2023-04-06,61,9.6,8.0,81,6.6,Istanbul
2023-04-07,53,9.1,6.0,83,15.0,Istanbul
2023-04-08,51,10.0,7.2,83,15.2,Istanbul
2023-04-09,51,10.3,6.5,81,22.0,Istanbul
2023-04-10,55,9.7,5.8,88,22.7,Istanbul
2023-04-11,53,9.7,6.6,86,16.6,Istanbul
2023-04-12,63,10.4,7.2,87,18.6,Istanbul
2023-04-13,2,11.8,9.9,78,11.2,Istanbul
2023-04-14,3,14.9,12.5,68,16.1,Istanbul
2023-04-15,3,15.7,14.8,70,7.9,Istanbul
2023-04-16,51,15.0,14.9,85,6.0,Istanbul
2023-04-17,51,14.3,13.5,85,10.5,Istanbul
2023-04-18,61,12.6,10.6,89,16.0,Istanbul
2023-04-19,63,11.8,10.7,89,8.9,Istanbul
2023-04-20,51,11.8,10.7,90,9.1,Istanbul
2023-04-21,53,12.2,11.1,89,9.0,Istanbul
2023-04-22,3,13.6,11.8,73,11.6,Istanbul
2023-04-23,3,11.8,9.0,80,17.3,Istanbul
2023-04-24,3,11.7,10.7,83,7.3,Istanbul
2023-04-25,51,14.6,13.0,72,11.5,Istanbul
2023-04-26,65,14.2,13.0,85,12.4,Istanbul
2023-04-27,61,10.9,8.1,89,17.9,Istanbul
2023-04-28,3,10.7,7.8,69,13.3,Istanbul
2023-04-29,3,11.1,8.5,63,9.0,Istanbul
2023-04-30,51,12.3,10.0,68,11.5,Istanbul
2023-05-01,1,14.3,13.0,68,8.8,Istanbul
2023-05-02,3,15.0,11.4,56,20.1,Istanbul
2023-05-03,53,15.3,13.1,68,17.2,Istanbul
2023-05-04,63,14.7,13.9,85,12.3,Istanbul
2023-05-05,53,12.9,9.7,85,24.0,Istanbul
2023-05-06,65,13.1,10.4,84,19.7,Istanbul
2023-05-07,3,14.2,12.6,84,15.0,Istanbul
2023-05-08,51,13.6,12.4,85,12.8,Istanbul
2023-05-09,51,12.8,9.3,79,23.0,Istanbul
2023-05-10,51,12.3,8.5,77,23.1,Istanbul
2023-05-11,51,12.4,8.1,76,26.1,Istanbul
2023-05-12,51,12.5,8.8,78,23.5,Istanbul
2023-05-13,3,13.5,11.8,75,11.6,Istanbul
2023-05-14,51,13.9,12.5,75,10.6,Istanbul
2023-05-15,3,17.0,16.2,70,10.0,Istanbul
2023-05-16,3,18.6,17.1,68,18.1,Istanbul
2023-05-17,63,15.7,15.1,86,12.9,Istanbul
2023-05-18,55,14.4,13.5,90,12.7,Istanbul
2023-05-19,51,15.2,14.5,87,11.3,Istanbul
2023-05-20,53,15.3,14.2,88,14.7,Istanbul
2023-05-21,51,16.1,15.6,87,12.9,Istanbul
2023-05-22,3,16.3,15.0,83,17.7,Istanbul
2023-05-23,53,16.2,16.1,86,9.8,Istanbul
2023-05-24,51,16.0,16.2,87,8.6,Istanbul
2023-05-25,51,17.2,17.6,87,9.4,Istanbul
2023-05-26,63,17.7,18.1,85,11.3,Istanbul
2023-05-27,3,17.8,17.1,84,17.9,Istanbul
2023-05-28,51,17.7,16.1,85,22.7,Istanbul
2023-05-29,51,18.5,17.6,84,19.4,Istanbul
2023-05-30,53,18.9,19.9,87,9.3,Istanbul
2023-05-31,63,19.1,20.1,84,8.5,Istanbul
2023-06-01,3,19.1,18.5,75,16.2,Istanbul
2023-06-02,3,19.9,18.7,70,19.4,Istanbul
2023-06-03,51,19.5,19.3,80,16.3,Istanbul
2023-06-04,61,19.0,18.3,84,19.2,Istanbul
2023-06-05,51,18.6,17.7,79,18.0,Istanbul
2023-06-06,3,19.3,18.3,78,21.4,Istanbul
2023-06-07,2,19.1,17.9,78,21.8,Istanbul
2023-06-08,3,19.4,18.5,79,20.3,Istanbul
2023-06-09,3,19.6,19.8,80,13.7,Istanbul
2023-06-10,3,19.2,20.6,83,7.3,Istanbul
2023-06-11,3,20.4,21.2,75,9.6,Istanbul
2023-06-12,51,19.6,19.5,81,16.4,Istanbul
2023-06-13,3,19.6,18.6,73,18.6,Istanbul
2023-06-14,51,20.1,21.0,79,8.8,Istanbul
2023-06-15,3,21.1,21.7,80,14.8,Istanbul
2023-06-16,3,22.2,22.9,77,16.2,Istanbul
2023-06-17,61,21.7,22.3,83,17.5,Istanbul
2023-06-18,53,21.6,23.3,84,11.2,Istanbul
2023-06-19,61,21.2,22.7,83,10.3,Istanbul
2023-06-20,61,21.0,23.2,86,8.0,Istanbul
2023-06-21,51,22.1,25.0,83,5.6,Istanbul
2023-06-22,51,23.0,24.8,76,10.2,Istanbul
2023-06-23,0,23.8,24.5,70,17.1,Istanbul
2023-06-24,0,24.3,25.1,68,16.6,Istanbul
2023-06-25,0,23.3,24.3,73,15.4,Istanbul
2023-06-26,51,23.5,24.8,72,11.3,Istanbul
2023-06-27,2,24.3,25.0,69,15.5,Istanbul
2023-06-28,0,24.7,25.5,60,9.8,Istanbul
2023-06-29,53,21.1,20.7,70,15.8,Istanbul
2023-06-30,3,21.5,21.7,61,7.2,Istanbul
2023-07-01,0,23.5,24.0,54,6.5,Istanbul
2023-07-02,0,25.0,25.6,54,7.6,Istanbul
2023-07-03,51,25.6,26.8,60,12.0,Istanbul
2023-07-04,0,25.5,26.3,68,18.1,Istanbul
2023-07-05,3,25.0,25.8,73,21.0,Istanbul
2023-07-06,51,26.2,27.4,69,17.7,Istanbul
2023-07-07,53,26.5,28.9,66,9.2,Istanbul
2023-07-08,63,23.1,23.9,76,17.3,Istanbul
2023-07-09,3,23.6,21.3,53,22.8,Istanbul
2023-07-10,1,24.2,25.2,55,4.9,Istanbul
2023-07-11,3,24.9,26.3,63,10.7,Istanbul
2023-07-12,51,26.8,29.0,63,10.3,Istanbul
2023-07-13,0,27.7,30.4,61,6.8,Istanbul
2023-07-14,3,28.6,31.2,60,10.3,Istanbul
2023-07-15,0,26.6,27.2,65,21.4,Istanbul
2023-07-16,0,25.0,25.2,67,21.0,Istanbul
2023-07-17,0,25.0,25.1,66,20.5,Istanbul
2023-07-18,0,25.1,25.2,62,18.3,Istanbul
2023-07-19,0,25.9,26.6,62,15.4,Istanbul
2023-07-20,2,27.9,30.1,54,7.1,Istanbul
2023-07-21,51,27.1,29.4,66,12.0,Istanbul
2023-07-22,3,27.8,30.6,65,10.1,Istanbul
2023-07-23,53,28.7,30.8,58,13.0,Istanbul
2023-07-24,1,26.4,27.3,63,17.5,Istanbul
2023-07-25,0,27.0,27.9,50,7.3,Istanbul
2023-07-26,0,30.3,30.7,40,9.8,Istanbul
2023-07-27,53,25.7,25.3,59,21.2,Istanbul
2023-07-28,1,22.8,22.6,57,11.5,Istanbul
2023-07-29,0,23.3,22.5,58,16.9,Istanbul
2023-07-30,1,23.9,23.8,63,17.2,Istanbul
2023-07-31,3,24.2,24.3,65,17.4,Istanbul
2023-08-01,51,25.0,25.7,67,16.9,Istanbul
2023-08-02,3,25.3,27.6,68,8.5,Istanbul
2023-08-03,3,28.8,30.1,50,8.8,Istanbul
2023-08-04,0,29.4,29.3,47,18.9,Istanbul
2023-08-05,2,27.3,29.9,71,14.8,Istanbul
2023-08-06,1,28.1,29.5,64,17.7,Istanbul
2023-08-07,1,27.5,28.5,56,13.7,Istanbul
2023-08-08,2,25.2,25.0,68,24.1,Istanbul
2023-08-09,3,23.7,21.6,62,27.9,Istanbul
2023-08-10,51,24.4,24.6,65,16.3,Istanbul
2023-08-11,51,23.5,23.1,69,20.5,Istanbul
2023-08-12,1,24.8,23.5,60,24.7,Istanbul
2023-08-13,51,25.3,24.1,68,31.6,Istanbul
2023-08-14,51,25.9,26.5,78,28.2,Istanbul
2023-08-15,3,26.6,29.7,78,14.2,Istanbul
2023-08-16,3,25.8,28.6,77,13.8,Istanbul
2023-08-17,51,26.4,27.2,73,25.9,Istanbul
2023-08-18,3,26.5,26.7,71,29.1,Istanbul
2023-08-19,2,26.0,25.8,73,31.3,Istanbul
2023-08-20,3,26.3,27.0,69,22.4,Istanbul
2023-08-21,3,26.8,28.2,72,19.6,Istanbul
2023-08-22,0,27.2,27.9,67,22.9,Istanbul
2023-08-23,0,26.6,27.8,73,22.9,Istanbul
2023-08-24,0,26.5,28.0,74,20.8,Istanbul
2023-08-25,1,26.3,26.8,66,21.6,Istanbul
2023-08-26,0,26.5,26.6,65,24.7,Istanbul
2023-08-27,3,25.7,25.8,68,23.6,Istanbul
2023-08-28,2,25.7,26.6,66,16.8,Istanbul
2023-08-29,0,26.0,27.8,69,13.7,Istanbul
2023-08-30,0,26.1,28.9,71,8.1,Istanbul
2023-08-31,3,27.6,29.0,58,11.3,Istanbul
2023-09-01,65,24.9,26.9,75,12.7,Istanbul
2023-09-02,51,25.6,25.7,68,22.8,Istanbul
2023-09-03,51,25.4,24.5,60,23.6,Istanbul
2023-09-04,51,24.7,23.7,56,18.8,Istanbul
2023-09-05,51,23.6,23.3,76,25.6,Istanbul
2023-09-06,51,24.7,24.1,70,25.9,Istanbul
2023-09-07,3,25.1,24.0,64,26.8,Istanbul
2023-09-08,51,24.2,22.3,60,26.6,Istanbul
2023-09-09,3,23.4,21.3,56,24.5,Istanbul
2023-09-10,51,23.3,21.0,57,25.7,Istanbul
2023-09-11,3,22.2,19.5,57,25.4,Istanbul
2023-09-12,2,22.3,20.9,58,17.1,Istanbul
2023-09-13,0,21.8,21.1,62,14.1,Istanbul
2023-09-14,3,22.3,22.4,65,11.5,Istanbul
2023-09-15,3,22.2,22.4,69,12.1,Istanbul
2023-09-16,3,22.6,22.3,71,18.4,Istanbul
2023-09-17,3,23.1,22.0,68,24.1,Istanbul
2023-09-18,3,22.2,19.3,57,26.6,Istanbul
2023-09-19,2,22.3,20.5,59,21.3,Istanbul
2023-09-20,3,20.9,21.0,68,10.5,Istanbul
2023-09-21,3,20.9,21.2,69,9.9,Istanbul
2023-09-22,2,21.8,21.7,59,6.5,Istanbul
2023-09-23,0,25.0,24.8,48,7.9,Istanbul
2023-09-24,0,23.8,23.1,57,16.2,Istanbul
2023-09-25,3,23.2,22.5,74,25.4,Istanbul
2023-09-26,3,23.3,21.9,69,26.9,Istanbul
2023-09-27,3,23.0,22.0,71,24.7,Istanbul
2023-09-28,65,21.2,22.2,83,13.5,Istanbul
2023-09-29,53,20.6,22.3,82,5.8,Istanbul
2023-09-30,63,19.7,21.0,85,7.9,Istanbul
2023-10-01,61,18.6,18.6,90,17.3,Istanbul
2023-10-02,53,19.5,17.8,71,20.6,Istanbul
2023-10-03,3,19.3,17.3,61,16.3,Istanbul
2023-10-04,1,18.2,17.2,68,11.9,Istanbul
2023-10-05,3,18.3,17.2,71,13.6,Istanbul
2023-10-06,51,19.3,18.8,73,13.0,Istanbul
2023-10-07,3,19.5,18.6,73,15.9,Istanbul
2023-10-08,1,18.9,18.7,77,12.1,Istanbul
2023-10-09,51,17.3,14.5,66,20.7,Istanbul
2023-10-10,3,16.5,15.1,68,10.6,Istanbul
2023-10-11,3,16.5,13.3,63,20.8,Istanbul
2023-10-12,1,18.1,16.8,69,13.9,Istanbul
2023-10-13,3,16.4,16.4,79,5.0,Istanbul
2023-10-14,3,18.0,17.3,77,12.0,Istanbul
2023-10-15,3,17.0,17.3,83,6.9,Istanbul
2023-10-16,55,16.4,14.9,82,17.2,Istanbul
2023-10-17,3,16.1,13.1,63,18.5,Istanbul
2023-10-18,63,15.2,13.3,80,17.0,Istanbul
2023-10-19,51,15.9,15.6,84,8.6,Istanbul
2023-10-20,0,18.8,17.1,73,20.4,Istanbul
2023-10-21,0,20.6,19.8,70,17.0,Istanbul
2023-10-22,3,19.1,19.3,75,8.7,Istanbul
2023-10-23,3,19.5,20.2,79,7.6,Istanbul
2023-10-24,3,18.4,19.4,86,7.1,Istanbul
2023-10-25,3,19.2,19.1,82,15.3,Istanbul
2023-10-26,3,22.0,19.5,60,25.1,Istanbul
2023-10-27,3,21.6,20.6,69,20.0,Istanbul
2023-10-28,3,22.3,21.5,70,21.0,Istanbul
2023-10-29,51,19.9,21.1,85,9.7,Istanbul
2023-10-30,3,19.8,19.9,85,16.8,Istanbul
2023-10-31,51,18.5,19.8,90,7.8,Istanbul
2023-11-01,3,19.6,20.0,81,11.7,Istanbul
2023-11-02,65,17.3,17.5,88,11.0,Istanbul
2023-11-03,51,19.9,19.1,78,18.6,Istanbul
2023-11-04,63,23.0,20.5,57,25.9,Istanbul
2023-11-05,63,19.8,17.7,74,25.7,Istanbul
2023-11-06,1,20.3,19.2,76,21.2,Istanbul
2023-11-07,51,19.1,20.5,83,5.0,Istanbul
2023-11-08,3,18.2,18.3,84,11.5,Istanbul
2023-11-09,63,14.7,12.5,78,16.6,Istanbul
2023-11-10,3,14.5,13.2,80,11.1,Istanbul
2023-11-11,65,18.8,15.6,75,30.8,Istanbul
2023-11-12,3,16.5,15.1,71,12.6,Istanbul
2023-11-13,63,14.9,13.8,87,13.4,Istanbul
2023-11-14,3,12.7,11.0,77,9.1,Istanbul
2023-11-15,51,16.9,14.7,73,19.5,Istanbul
2023-11-16,65,13.8,11.7,75,13.3,Istanbul
2023-11-17,3,13.4,11.4,76,11.8,Istanbul
2023-11-18,65,12.0,8.0,82,25.7,Istanbul
2023-11-19,75,5.6,-0.2,81,27.8,Istanbul
2023-11-20,61,9.8,6.7,77,15.1,Istanbul
2023-11-21,51,13.0,11.0,78,11.9,Istanbul
2023-11-22,3,16.0,14.6,76,13.3,Istanbul
2023-11-23,53,13.0,11.5,88,12.9,Istanbul
2023-11-24,53,14.1,12.2,88,17.8,Istanbul
2023-11-25,51,16.8,12.4,68,32.0,Istanbul
2023-11-26,61,9.2,3.5,65,28.6,Istanbul
2023-11-27,3,4.8,-0.7,52,19.2,Istanbul
2023-11-28,51,11.1,5.1,62,31.6,Istanbul
2023-11-29,63,14.6,10.5,86,32.8,Istanbul
2023-11-30,63,11.3,8.8,81,14.4,Istanbul
2023-12-01,3,15.7,12.8,81,25.4,Istanbul
2023-12-02,3,17.5,12.6,70,37.8,Istanbul
2023-12-03,3,18.1,14.4,66,29.0,Istanbul
2023-12-04,53,10.5,6.2,85,25.9,Istanbul
2023-12-05,3,10.5,7.1,81,18.6,Istanbul
2023-12-06,53,10.7,8.5,85,11.9,Istanbul
2023-12-07,61,10.5,9.2,91,7.2,Istanbul
2023-12-08,53,8.1,2.9,86,28.7,Istanbul
2023-12-09,61,6.7,1.3,88,28.4,Istanbul
2023-12-10,51,6.9,4.6,86,7.1,Istanbul
2023-12-11,51,8.3,6.0,87,9.7,Istanbul
2023-12-12,3,9.1,7.0,87,8.7,Istanbul
2023-12-13,3,9.8,7.5,84,10.6,Istanbul
2023-12-14,3,15.0,10.8,66,26.3,Istanbul
2023-12-15,65,12.0,8.5,82,22.3,Istanbul
2023-12-16,63,8.3,2.4,89,33.9,Istanbul
2023-12-17,55,6.9,2.0,71,21.4,Istanbul
2023-12-18,1,6.0,3.2,78,7.0,Istanbul
2023-12-19,3,7.3,5.2,83,6.0,Istanbul
2023-12-20,3,7.4,5.2,87,7.7,Istanbul
2023-12-21,53,10.6,8.4,85,11.2,Istanbul
2023-12-22,63,10.1,7.3,87,15.7,Istanbul
2023-12-23,53,10.0,5.8,73,21.7,Istanbul
2023-12-24,51,12.0,8.4,65,16.8,Istanbul
2023-12-25,3,13.4,10.4,80,20.6,Istanbul
2023-12-26,0,13.6,11.3,85,18.0,Istanbul
2023-12-27,51,12.9,10.8,85,15.3,Istanbul
2023-12-28,2,9.3,7.9,88,5.9,Istanbul
2023-12-29,3,8.4,6.1,91,10.0,Istanbul
2023-12-30,3,9.7,7.6,86,9.6,Istanbul
2023-12-31,51,10.7,9.7,90,5.7,Istanbul
2024-01-01,3,11.0,8.8,84,11.7,Istanbul
2024-01-02,63,11.3,8.7,87,16.5,Istanbul
2024-01-03,53,11.2,8.6,87,15.7,Istanbul
2024-01-04,51,12.9,10.2,83,18.4,Istanbul
2024-01-05,61,11.1,8.4,81,14.9,Istanbul
2024-01-06,3,10.9,8.4,75,11.0,Istanbul
2024-01-07,63,12.6,8.9,73,22.0,Istanbul
2024-01-08,53,12.1,7.2,77,30.4,Istanbul
2024-01-09,71,4.7,-1.8,85,32.1,Istanbul
2024-01-10,61,4.8,-1.8,79,32.4,Istanbul
2024-01-11,3,4.4,0.1,71,13.8,Istanbul
2024-01-12,51,3.0,-1.8,70,16.3,Istanbul
2024-01-13,3,2.1,-2.4,62,11.8,Istanbul
2024-01-14,3,3.2,-1.2,67,13.0,Istanbul
2024-01-15,3,9.4,4.2,67,25.6,Istanbul
2024-01-16,63,10.6,6.2,75,23.9,Istanbul
2024-01-17,3,7.2,4.6,84,9.6,Istanbul
2024-01-18,53,12.0,7.5,75,27.1,Istanbul
2024-01-19,53,14.4,10.2,76,29.2,Istanbul
2024-01-20,61,8.4,3.7,88,26.7,Istanbul
2024-01-21,53,5.6,-0.8,71,30.4,Istanbul
2024-01-22,51,5.7,-0.5,62,26.4,Istanbul
2024-01-23,3,5.8,1.4,67,16.1,Istanbul
2024-01-24,51,5.7,1.6,76,15.4,Istanbul
2024-01-25,55,6.4,2.7,80,14.9,Istanbul
2024-01-26,53,6.1,3.1,80,9.8,Istanbul
2024-01-27,61,5.4,1.9,83,12.0,Istanbul
2024-01-28,53,4.8,0.1,76,18.6,Istanbul
2024-01-29,73,3.9,-1.3,83,22.5,Istanbul
2024-01-30,75,4.2,-1.4,81,25.9,Istanbul
2024-01-31,51,5.7,0.0,77,26.4,Istanbul
2024-02-01,3,6.0,2.2,76,13.8,Istanbul
2024-02-02,51,5.1,1.7,79,11.1,Istanbul
2024-02-03,3,6.0,2.6,71,9.7,Istanbul
2024-02-04,51,8.1,4.3,78,17.7,Istanbul
2024-02-05,3,10.8,6.9,83,22.6,Istanbul
2024-02-06,3,12.1,9.2,80,17.3,Istanbul
2024-02-07,3,12.7,9.7,83,20.5,Istanbul
2024-02-08,51,13.6,10.6,80,21.0,Istanbul
2024-02-09,3,12.4,9.5,80,18.0,Istanbul
2024-02-10,3,13.3,9.2,74,25.5,Istanbul
2024-02-11,3,14.3,10.0,66,26.5,Istanbul
2024-02-12,53,13.2,10.9,77,14.6,Istanbul
2024-02-13,61,10.5,8.7,87,9.2,Istanbul
2024-02-14,51,8.1,4.3,87,19.4,Istanbul
2024-02-15,55,7.0,2.1,90,25.9,Istanbul
2024-02-16,55,7.3,3.6,89,18.4,Istanbul
2024-02-17,3,6.9,2.7,82,19.2,Istanbul
2024-02-18,3,6.3,3.0,80,11.5,Istanbul
2024-02-19,3,6.7,3.4,81,12.7,Istanbul
2024-02-20,2,5.9,2.4,77,12.0,Istanbul
2024-02-21,3,5.7,3.0,77,6.6,Istanbul
2024-02-22,3,7.1,4.5,76,7.3,Istanbul
2024-02-23,3,9.9,7.1,76,12.4,Istanbul
2024-02-24,0,12.3,9.9,77,13.9,Istanbul
2024-02-25,3,11.9,10.1,76,8.4,Istanbul
2024-02-26,3,11.0,8.6,76,11.3,Istanbul
2024-02-27,3,9.1,6.8,89,11.9,Istanbul
2024-02-28,3,8.5,6.3,91,10.6,Istanbul
2024-02-29,3,9.2,7.0,91,11.7,Istanbul
2024-03-01,3,9.6,7.5,91,11.5,Istanbul
2024-03-02,3,9.4,7.6,91,8.6,Istanbul
2024-03-03,51,8.4,6.2,90,9.7,Istanbul
2024-03-04,3,8.2,6.5,89,6.1,Istanbul
2024-03-05,55,9.6,7.6,86,9.2,Istanbul
2024-03-06,51,8.3,5.3,85,14.2,Istanbul
2024-03-07,3,7.3,4.7,79,7.3,Istanbul
2024-03-08,71,6.8,3.4,90,15.3,Istanbul
2024-03-09,51,6.8,3.8,85,11.1,Istanbul
2024-03-10,3,6.5,4.1,82,6.5,Istanbul
2024-03-11,3,10.0,7.6,73,8.1,Istanbul
2024-03-12,63,11.8,9.5,76,11.9,Istanbul
2024-03-13,61,11.4,8.5,85,18.2,Istanbul
2024-03-14,61,10.1,8.4,88,8.6,Istanbul
2024-03-15,61,8.2,5.3,86,13.4,Istanbul
2024-03-16,51,7.6,5.4,87,7.7,Istanbul
2024-03-17,3,8.2,5.3,79,11.7,Istanbul
2024-03-18,2,7.9,5.8,84,7.9,Istanbul
2024-03-19,3,10.0,7.6,77,10.2,Istanbul
2024-03-20,61,6.7,2.1,83,21.7,Istanbul
2024-03-21,53,5.6,2.8,80,8.1,Istanbul
2024-03-22,51,6.3,3.0,82,12.3,Istanbul
2024-03-23,3,6.4,3.9,80,6.6,Istanbul
2024-03-24,3,9.7,6.6,74,14.5,Istanbul
2024-03-25,63,10.4,6.5,77,20.7,Istanbul
2024-03-26,51,10.0,7.5,74,10.4,Istanbul
2024-03-27,61,13.6,12.3,76,9.1,Istanbul
2024-03-28,53,15.2,13.4,72,12.4,Istanbul
2024-03-29,1,14.3,13.3,79,10.0,Istanbul
2024-03-30,3,16.0,15.9,75,6.1,Istanbul
2024-03-31,3,15.2,14.4,78,9.7,Istanbul
2024-04-01,3,16.1,15.0,74,11.7,Istanbul
2024-04-02,3,17.4,16.5,71,12.0,Istanbul
2024-04-03,3,15.4,13.0,60,13.9,Istanbul
2024-04-04,3,13.9,11.5,61,11.7,Istanbul
2024-04-05,51,13.0,12.3,81,6.5,Istanbul
2024-04-06,51,14.0,12.7,69,7.2,Istanbul
2024-04-07,55,12.4,9.6,72,15.2,Istanbul
2024-04-08,0,12.7,9.0,75,23.4,Istanbul
2024-04-09,0,13.2,10.9,77,15.0,Istanbul
2024-04-10,1,13.3,11.5,82,14.3,Istanbul
2024-04-11,3,14.2,12.3,81,16.0,Istanbul
2024-04-12,0,15.5,13.7,79,16.5,Istanbul
2024-04-13,3,15.6,14.4,78,12.6,Istanbul
2024-04-14,51,15.6,15.3,75,6.4,Istanbul
2024-04-15,3,16.7,15.8,67,8.9,Istanbul
2024-04-16,3,19.5,18.1,60,14.1,Istanbul
2024-04-17,51,20.0,17.9,53,15.6,Istanbul
2024-04-18,61,16.2,14.5,73,14.6,Istanbul
2024-04-19,55,13.4,11.1,82,16.4,Istanbul
2024-04-20,63,12.6,9.2,88,25.1,Istanbul
2024-04-21,3,12.7,11.3,75,8.3,Istanbul
2024-04-22,53,15.6,13.9,71,14.6,Istanbul
2024-04-23,51,16.3,13.9,72,19.5,Istanbul
2024-04-24,3,19.2,20.0,78,8.6,Istanbul
2024-04-25,51,17.7,18.7,85,6.5,Istanbul
2024-04-26,53,15.8,15.1,81,10.8,Istanbul
2024-04-27,3,14.3,11.1,80,25.2,Istanbul
2024-04-28,65,14.7,12.4,85,21.8,Istanbul
2024-04-29,51,14.2,12.0,84,18.8,Istanbul
2024-04-30,51,14.8,12.9,88,19.2,Istanbul
2024-05-01,63,14.2,11.5,85,22.6,Istanbul
2024-05-02,51,13.8,13.1,86,8.2,Istanbul
2024-05-03,61,14.5,14.3,87,7.2,Istanbul
2024-05-04,55,13.9,12.8,80,9.6,Istanbul
2024-05-05,63,13.7,10.8,74,19.7,Istanbul
2024-05-06,0,12.6,11.7,73,5.4,Istanbul
2024-05-07,1,15.4,14.6,72,8.4,Istanbul
2024-05-08,3,17.4,17.2,79,12.1,Istanbul
2024-05-09,3,15.6,13.5,84,21.6,Istanbul
2024-05-10,63,15.2,11.1,80,31.8,Istanbul
2024-05-11,63,14.3,10.7,79,25.9,Istanbul
2024-05-12,3,14.0,13.2,82,10.2,Istanbul
2024-05-13,61,13.1,10.5,80,17.0,Istanbul
2024-05-14,3,12.3,10.7,69,7.4,Istanbul
2024-05-15,3,13.4,10.6,60,13.7,Istanbul
2024-05-16,51,14.3,12.1,70,14.4,Istanbul
2024-05-17,61,15.4,13.4,75,17.0,Istanbul
2024-05-18,3,16.6,15.8,77,12.7,Istanbul
2024-05-19,55,15.8,13.8,83,19.3,Istanbul
2024-05-20,3,16.5,14.9,80,18.8,Istanbul
2024-05-21,3,16.8,16.1,79,14.1,Istanbul
2024-05-22,0,18.2,17.9,79,14.1,Istanbul
2024-05-23,55,17.1,16.4,81,15.1,Istanbul
2024-05-24,61,17.6,17.5,83,11.6,Istanbul
2024-05-25,3,17.9,17.4,81,15.9,Istanbul
2024-05-26,3,17.4,15.4,77,22.5,Istanbul
2024-05-27,51,16.6,15.1,76,15.3,Istanbul
2024-05-28,51,16.4,16.2,78,7.8,Istanbul
2024-05-29,3,18.2,18.4,71,7.0,Istanbul
2024-05-30,1,19.8,20.2,70,9.2,Istanbul
2024-05-31,2,21.1,21.6,66,8.5,Istanbul
2024-06-01,3,22.5,23.2,63,8.3,Istanbul
2024-06-02,3,24.1,24.8,57,9.1,Istanbul
2024-06-03,3,25.7,26.3,54,11.1,Istanbul
2024-06-04,3,25.2,26.9,62,9.4,Istanbul
2024-06-05,3,25.2,25.9,61,14.3,Istanbul
2024-06-06,3,24.1,24.2,64,17.6,Istanbul
2024-06-07,3,23.9,23.8,68,20.3,Istanbul
2024-06-08,2,23.4,23.5,71,19.6,Istanbul
2024-06-09,1,23.8,24.3,68,16.1,Istanbul
2024-06-10,2,24.8,26.9,67,8.5,Istanbul
2024-06-11,3,27.0,28.7,57,8.6,Istanbul
2024-06-12,1,27.6,29.7,59,11.0,Istanbul
2024-06-13,3,27.6,31.3,70,9.6,Istanbul
2024-06-14,65,25.1,26.6,72,15.9,Istanbul
2024-06-15,51,22.1,22.6,68,11.8,Istanbul
2024-06-16,0,23.1,23.3,61,11.4,Istanbul
2024-06-17,0,24.1,23.7,54,13.0,Istanbul
2024-06-18,0,24.2,24.0,66,21.3,Istanbul
2024-06-19,0,24.4,24.0,66,23.0,Istanbul
2024-06-20,0,24.6,25.0,70,20.7,Istanbul
2024-06-21,2,24.7,25.0,72,23.7,Istanbul
2024-06-22,2,23.7,23.1,68,24.5,Istanbul
2024-06-23,1,23.7,23.0,68,24.7,Istanbul
2024-06-24,3,24.0,24.1,71,21.4,Istanbul
2024-06-25,2,24.3,24.4,71,23.3,Istanbul
2024-06-26,1,23.8,23.2,66,22.5,Istanbul
2024-06-27,0,23.6,22.9,66,22.8,Istanbul
2024-06-28,3,23.9,22.8,68,26.3,Istanbul
2024-06-29,1,24.4,23.6,66,25.4,Istanbul
2024-06-30,0,25.1,25.6,67,18.6,Istanbul
2024-07-01,2,24.7,25.3,69,18.2,Istanbul
2024-07-02,3,26.3,28.3,67,11.7,Istanbul
2024-07-03,2,25.4,26.1,64,17.7,Istanbul
2024-07-04,55,24.4,25.4,72,16.3,Istanbul
2024-07-05,53,23.4,25.1,74,9.6,Istanbul
2024-07-06,51,24.4,24.8,69,18.5,Istanbul
2024-07-07,0,25.6,26.0,67,21.2,Istanbul
2024-07-08,1,26.1,27.7,73,20.2,Istanbul
2024-07-09,0,27.2,29.0,73,21.4,Istanbul
2024-07-10,2,28.0,30.2,70,19.5,Istanbul
2024-07-11,63,25.4,27.5,77,15.3,Istanbul
2024-07-12,51,26.5,29.0,76,16.8,Istanbul
2024-07-13,1,26.8,29.6,77,16.6,Istanbul
2024-07-14,0,27.0,27.8,64,20.1,Istanbul
2024-07-15,2,27.0,27.8,63,19.7,Istanbul
2024-07-16,3,27.9,28.9,64,20.1,Istanbul
2024-07-17,3,29.2,31.5,66,17.3,Istanbul
2024-07-18,1,29.2,31.3,67,20.0,Istanbul
2024-07-19,2,28.8,31.1,69,21.9,Istanbul
2024-07-20,51,28.6,30.8,69,20.4,Istanbul
2024-07-21,0,28.2,29.9,67,19.7,Istanbul
2024-07-22,1,28.5,30.2,62,16.1,Istanbul
2024-07-23,51,27.4,29.8,72,17.5,Istanbul
2024-07-24,51,26.8,27.8,66,19.4,Istanbul
2024-07-25,51,27.0,27.7,62,19.4,Istanbul
2024-07-26,51,24.2,24.7,70,18.0,Istanbul
2024-07-27,51,24.5,25.4,68,15.6,Istanbul
2024-07-28,51,26.2,27.4,68,19.3,Istanbul
2024-07-29,0,27.4,27.8,60,21.4,Istanbul
2024-07-30,55,26.0,26.0,64,23.0,Istanbul
2024-07-31,0,25.1,24.3,55,19.2,Istanbul
2024-08-01,2,24.6,24.7,63,18.0,Istanbul
2024-08-02,0,25.0,26.0,67,15.6,Istanbul
2024-08-03,0,25.9,28.5,67,7.3,Istanbul
2024-08-04,2,27.2,28.5,58,11.4,Istanbul
2024-08-05,3,25.4,26.6,70,16.3,Istanbul
2024-08-06,1,25.9,27.8,63,8.3,Istanbul
2024-08-07,53,24.3,24.9,66,15.8,Istanbul
2024-08-08,51,24.5,25.1,66,15.1,Istanbul
2024-08-09,51,26.0,26.7,64,16.9,Istanbul
2024-08-10,51,26.2,26.9,64,18.0,Istanbul
2024-08-11,0,26.6,27.3,66,20.7,Istanbul
2024-08-12,1,26.5,27.8,69,19.6,Istanbul
2024-08-13,0,26.8,27.7,66,19.6,Istanbul
2024-08-14,0,27.5,27.4,63,27.0,Istanbul
2024-08-15,0,26.3,26.1,62,23.1,Istanbul
2024-08-16,1,25.3,24.9,62,21.5,Istanbul
2024-08-17,0,25.5,24.4,55,22.2,Istanbul
2024-08-18,3,25.4,25.3,59,17.6,Istanbul
2024-08-19,51,24.8,27.0,68,6.6,Istanbul
2024-08-20,0,24.6,26.8,71,8.9,Istanbul
2024-08-21,51,24.7,26.4,76,14.4,Istanbul
2024-08-22,1,25.7,28.3,72,9.9,Istanbul
2024-08-23,0,26.1,27.9,71,15.3,Istanbul
2024-08-24,2,26.3,27.3,65,17.0,Istanbul
2024-08-25,3,25.4,25.3,62,19.3,Istanbul
2024-08-26,3,26.3,27.1,66,18.6,Istanbul
2024-08-27,51,25.2,25.7,67,18.4,Istanbul
2024-08-28,3,24.4,26.0,69,9.0,Istanbul
2024-08-29,51,24.4,26.4,70,7.5,Istanbul
2024-08-30,63,23.2,24.8,76,11.3,Istanbul
2024-08-31,51,23.6,25.5,73,9.5,Istanbul
2024-09-01,63,23.4,25.3,78,11.5,Istanbul
2024-09-02,63,22.6,25.3,84,6.7,Istanbul
2024-09-03,51,23.9,27.3,81,5.1,Istanbul
2024-09-04,51,24.6,26.8,78,12.9,Istanbul
2024-09-05,0,24.0,25.3,69,11.5,Istanbul
2024-09-06,1,23.5,24.3,66,10.3,Istanbul
2024-09-07,51,23.1,24.0,73,13.4,Istanbul
2024-09-08,51,22.1,22.6,76,15.5,Istanbul
2024-09-09,51,22.8,23.6,70,11.5,Istanbul
2024-09-10,3,24.1,25.8,71,9.3,Istanbul
2024-09-11,51,24.0,25.7,74,11.1,Istanbul
2024-09-12,51,24.2,25.7,71,12.0,Istanbul
2024-09-13,2,24.9,27.0,70,7.8,Istanbul
2024-09-14,3,26.6,27.3,59,14.5,Istanbul
2024-09-15,61,22.2,23.4,77,11.6,Istanbul
2024-09-16,53,20.5,21.1,72,8.1,Istanbul
2024-09-17,53,20.6,20.1,73,15.9,Istanbul
2024-09-18,53,20.7,20.4,74,14.6,Istanbul
2024-09-19,51,20.6,19.4,64,16.0,Istanbul
2024-09-20,53,20.4,20.0,73,14.7,Istanbul
2024-09-21,65,19.8,19.0,75,16.5,Istanbul
2024-09-22,55,20.9,19.1,57,15.9,Istanbul
2024-09-23,53,19.9,20.4,75,7.9,Istanbul
2024-09-24,51,20.3,21.5,78,6.2,Istanbul
2024-09-25,1,21.1,21.8,72,8.8,Istanbul
2024-09-26,3,21.2,21.8,75,10.6,Istanbul
2024-09-27,3,21.4,22.2,79,12.6,Istanbul
2024-09-28,3,22.4,24.2,81,11.0,Istanbul
2024-09-29,63,21.9,24.3,86,8.3,Istanbul
2024-09-30,65,17.1,15.2,76,19.5,Istanbul
2024-10-01,3,16.6,13.9,57,14.8,Istanbul
2024-10-02,3,17.9,16.6,63,10.5,Istanbul
2024-10-03,51,18.5,19.0,79,7.4,Istanbul
2024-10-04,0,21.4,21.5,68,10.5,Istanbul
2024-10-05,3,23.5,24.5,63,6.7,Istanbul
2024-10-06,63,21.8,23.4,79,8.5,Istanbul
2024-10-07,61,19.4,19.5,78,12.1,Istanbul
2024-10-08,3,18.7,17.7,69,12.9,Istanbul
2024-10-09,3,19.5,19.6,75,10.8,Istanbul
2024-10-10,51,21.6,22.3,75,11.6,Istanbul
2024-10-11,3,22.5,23.5,75,12.1,Istanbul
2024-10-12,53,19.9,19.9,81,15.6,Istanbul
2024-10-13,3,16.8,15.5,79,15.6,Istanbul
2024-10-14,3,16.3,15.8,77,8.0,Istanbul
2024-10-15,3,16.7,15.6,77,13.0,Istanbul
2024-10-16,51,15.7,13.8,80,17.0,Istanbul
2024-10-17,51,13.7,10.1,69,21.0,Istanbul
2024-10-18,51,12.9,9.5,65,17.0,Istanbul
2024-10-19,55,12.7,10.1,70,12.2,Istanbul
2024-10-20,2,12.8,10.0,70,14.6,Istanbul
2024-10-21,51,13.3,10.4,67,14.9,Istanbul
2024-10-22,3,14.0,11.8,71,12.4,Istanbul
2024-10-23,3,14.2,12.2,76,13.0,Istanbul
2024-10-24,3,14.7,12.7,76,14.4,Istanbul
2024-10-25,51,14.9,12.5,77,18.4,Istanbul
2024-10-26,2,14.1,11.7,72,15.1,Istanbul
2024-10-27,1,14.8,12.7,78,16.1,Istanbul
2024-10-28,3,14.8,14.3,80,6.2,Istanbul
2024-10-29,3,14.8,13.4,82,12.8,Istanbul
2024-10-30,51,15.2,12.4,69,17.9,Istanbul
2024-10-31,3,15.2,12.4,64,16.4,Istanbul
2024-11-01,3,14.3,12.4,77,13.5,Istanbul
2024-11-02,3,14.0,13.6,88,7.2,Istanbul
2024-11-03,53,13.2,9.5,69,21.0,Istanbul
2024-11-04,3,11.6,9.0,56,6.4,Istanbul
2024-11-05,3,11.5,7.3,57,17.4,Istanbul
2024-11-06,3,11.8,7.4,54,18.4,Istanbul
2024-11-07,1,13.1,9.3,66,20.0,Istanbul
2024-11-08,1,13.8,10.6,72,19.0,Istanbul
2024-11-09,3,12.9,9.4,73,19.7,Istanbul
2024-11-10,3,11.5,7.9,77,20.1,Istanbul
2024-11-11,51,13.2,11.0,80,14.5,Istanbul
2024-11-12,51,13.7,11.5,80,15.8,Istanbul
2024-11-13,51,13.3,11.8,84,11.8,Istanbul
2024-11-14,3,13.2,11.6,82,11.3,Istanbul
2024-11-15,53,12.5,10.6,89,14.5,Istanbul
2024-11-16,51,10.7,6.4,70,22.0,Istanbul
2024-11-17,3,11.8,8.8,72,15.5,Istanbul
2024-11-18,55,11.6,10.5,85,5.9,Istanbul
2024-11-19,3,11.2,9.8,77,4.2,Istanbul
2024-11-20,3,13.8,10.9,75,18.6,Istanbul
2024-11-21,63,14.4,10.6,73,25.6,Istanbul
2024-11-22,3,12.6,10.0,75,15.3,Istanbul
2024-11-23,65,10.5,6.1,74,24.3,Istanbul
2024-11-24,73,6.0,1.2,64,17.9,Istanbul
2024-11-25,51,6.6,3.0,66,11.2,Istanbul
2024-11-26,3,8.5,6.0,65,5.6,Istanbul
2024-11-27,51,10.1,7.5,72,10.0,Istanbul
2024-11-28,3,10.1,8.6,80,4.5,Istanbul
2024-11-29,3,10.3,8.8,81,5.0,Istanbul
2024-11-30,3,11.6,9.0,71,12.3,Istanbul
2024-12-01,51,11.6,8.0,80,21.8,Istanbul
2024-12-02,63,11.2,8.3,82,16.9,Istanbul
2024-12-03,55,10.5,8.1,86,13.4,Istanbul
2024-12-04,61,9.6,7.5,91,10.9,Istanbul
2024-12-05,51,10.0,7.8,85,10.7,Istanbul
2024-12-06,3,10.0,7.9,82,8.8,Istanbul
2024-12-07,51,12.3,10.1,76,12.1,Istanbul
2024-12-08,55,12.4,10.7,81,10.3,Istanbul
2024-12-09,65,14.1,12.4,85,14.9,Istanbul
2024-12-10,63,13.6,12.2,89,13.8,Istanbul
2024-12-11,63,10.1,8.2,87,9.4,Istanbul
2024-12-12,51,8.5,6.1,80,8.2,Istanbul
2024-12-13,51,7.0,4.0,77,10.4,Istanbul
2024-12-14,3,6.2,3.1,66,7.0,Istanbul
2024-12-15,61,9.3,6.1,82,15.4,Istanbul
2024-12-16,53,7.9,4.8,72,10.2,Istanbul
2024-12-17,0,9.2,5.8,73,14.1,Istanbul
2024-12-18,0,10.2,8.8,88,6.5,Istanbul
2024-12-19,3,9.3,7.7,83,4.5,Istanbul
2024-12-20,3,10.5,8.2,77,9.7,Istanbul
2024-12-21,63,11.3,9.3,84,11.0,Istanbul
2024-12-22,55,7.4,4.2,82,13.0,Istanbul
2024-12-23,3,9.7,7.3,78,10.3,Istanbul
2024-12-24,61,11.0,8.7,79,11.5,Istanbul
2024-12-25,53,11.5,9.6,86,11.1,Istanbul
2024-12-26,55,10.9,7.4,88,22.4,Istanbul
2024-12-27,53,6.8,1.9,83,23.6,Istanbul
2024-12-28,51,7.1,2.7,80,20.0,Istanbul
2024-12-29,53,7.3,2.9,82,21.3,Istanbul
2024-12-30,3,6.8,3.4,80,13.4,Istanbul
2024-12-31,3,6.7,4.2,82,7.2,Istanbul
2025-01-01,3,5.9,4.1,90,3.3,Istanbul
2025-01-02,3,8.5,5.8,84,10.8,Istanbul
2025-01-03,3,11.6,7.8,73,21.0,Istanbul
2025-01-04,63,9.3,6.0,84,17.0,Istanbul
2025-01-05,3,7.4,4.2,76,10.9,Istanbul
2025-01-06,2,7.8,5.7,86,7.4,Istanbul
2025-01-07,3,11.7,8.7,77,16.5,Istanbul
2025-01-08,3,13.7,11.1,76,17.4,Istanbul
2025-01-09,3,12.6,11.1,81,9.6,Istanbul
2025-01-10,3,11.8,10.1,80,9.0,Istanbul
2025-01-11,63,9.1,6.3,88,14.6,Istanbul
2025-01-12,53,7.4,4.1,89,15.6,Istanbul
2025-01-13,61,5.9,1.2,88,22.5,Istanbul
2025-01-14,53,6.4,1.9,81,20.8,Istanbul
2025-01-15,61,6.6,2.2,86,21.0,Istanbul
2025-01-16,51,6.1,2.5,82,14.2,Istanbul
2025-01-17,3,5.9,2.9,74,7.9,Istanbul
2025-01-18,1,5.7,3.5,78,2.9,Istanbul
2025-01-19,3,5.8,3.8,86,3.8,Istanbul
2025-01-20,3,6.5,3.3,77,10.5,Istanbul
2025-01-21,3,6.9,4.6,81,6.1,Istanbul
2025-01-22,61,9.2,7.9,89,4.8,Istanbul
2025-01-23,3,7.9,6.5,95,5.1,Istanbul
2025-01-24,3,10.2,8.2,85,10.0,Istanbul
2025-01-25,65,9.1,7.0,84,8.9,Istanbul
2025-01-26,3,7.4,5.1,85,7.7,Istanbul
2025-01-27,3,7.4,5.6,92,5.7,Istanbul
2025-01-28,3,9.4,7.3,86,9.2,Istanbul
2025-01-29,3,12.3,9.6,75,15.2,Istanbul
2025-01-30,3,11.9,10.2,74,7.1,Istanbul
2025-01-31,51,11.2,10.1,81,4.0,Istanbul
2025-02-01,3,8.7,7.4,93,5.1,Istanbul
2025-02-02,3,9.1,6.7,83,10.0,Istanbul
2025-02-03,3,7.2,5.1,91,7.1,Istanbul
2025-02-04,51,5.7,0.7,67,19.8,Istanbul
2025-02-05,71,3.5,-1.5,70,18.4,Istanbul
2025-02-06,73,2.7,-2.3,74,18.5,Istanbul
2025-02-07,73,3.3,-1.3,78,16.7,Istanbul
2025-02-08,53,4.4,-0.0,82,17.1,Istanbul
2025-02-09,51,4.4,-0.3,75,17.8,Istanbul
2025-02-10,51,3.8,-0.6,74,15.5,Istanbul
2025-02-11,73,2.1,-2.1,85,14.6,Istanbul
2025-02-12,75,2.5,-1.0,86,10.5,Istanbul
2025-02-13,3,5.0,1.8,71,7.4,Istanbul
2025-02-14,3,7.2,4.2,72,8.8,Istanbul
2025-02-15,61,9.6,6.9,80,12.0,Istanbul
2025-02-16,61,7.7,5.0,90,12.2,Istanbul
2025-02-17,63,5.6,2.0,93,15.7,Istanbul
2025-02-18,51,5.8,1.7,77,16.0,Istanbul
2025-02-19,75,3.7,-0.7,81,15.9,Istanbul
2025-02-20,73,1.6,-3.6,68,17.7,Istanbul
2025-02-21,73,0.6,-4.5,74,17.2,Istanbul
2025-02-22,75,-0.4,-4.7,75,10.8,Istanbul
2025-02-23,73,-0.9,-4.6,77,6.7,Istanbul
2025-02-24,3,0.7,-2.5,70,4.3,Istanbul
2025-02-25,3,4.6,1.3,67,6.8,Istanbul
2025-02-26,3,5.7,3.6,80,3.7,Istanbul
2025-02-27,3,9.5,7.7,74,4.7,Istanbul
2025-02-28,51,9.4,7.2,83,9.1,Istanbul
2025-03-01,3,7.3,4.5,84,10.8,Istanbul
2025-03-02,53,7.3,4.6,81,9.0,Istanbul
2025-03-03,53,5.8,1.9,80,15.5,Istanbul
2025-03-04,51,5.5,1.1,73,16.6,Istanbul
2025-03-05,0,6.2,2.6,75,12.7,Istanbul
2025-03-06,3,8.1,4.8,66,10.7,Istanbul
2025-03-07,3,8.4,4.4,61,15.1,Istanbul
2025-03-08,2,8.9,5.8,77,13.1,Istanbul
2025-03-09,1,9.0,7.4,86,6.0,Istanbul
2025-03-10,0,10.2,8.6,80,6.3,Istanbul
2025-03-11,3,13.5,10.8,67,14.0,Istanbul
2025-03-12,53,16.3,13.6,57,15.5,Istanbul
2025-03-13,3,17.2,14.9,53,11.5,Istanbul
2025-03-14,3,18.8,16.1,44,12.6,Istanbul
2025-03-15,3,18.8,16.7,51,11.0,Istanbul
2025-03-16,3,20.4,17.5,42,14.8,Istanbul
2025-03-17,51,14.7,13.0,68,9.8,Istanbul
2025-03-18,63,6.9,2.6,83,20.3,Istanbul
2025-03-19,51,5.1,-0.6,54,20.8,Istanbul
2025-03-20,73,6.4,2.8,74,12.6,Istanbul
2025-03-21,3,7.7,4.4,65,9.3,Istanbul
2025-03-22,3,8.2,5.8,62,4.8,Istanbul
2025-03-23,53,10.9,8.6,61,6.2,Istanbul
2025-03-24,51,14.3,11.3,61,15.6,Istanbul
2025-03-25,3,16.3,13.5,53,12.6,Istanbul
2025-03-26,3,15.4,14.0,63,6.8,Istanbul
2025-03-27,3,16.2,13.6,50,10.6,Istanbul
2025-03-28,61,13.2,10.6,72,14.7,Istanbul
2025-03-29,53,13.5,12.6,76,5.6,Istanbul
2025-03-30,51,13.8,12.8,74,5.6,Istanbul
2025-03-31,51,13.2,11.9,78,8.1,Istanbul
2025-04-01,61,12.2,10.3,84,12.6,Istanbul
2025-04-02,51,10.8,8.5,89,13.8,Istanbul
2025-04-03,53,11.6,10.1,82,8.1,Istanbul
2025-04-04,51,11.5,9.8,76,7.1,Istanbul
2025-04-05,3,10.6,9.1,87,7.4,Istanbul
2025-04-06,63,11.8,8.7,77,17.9,Istanbul
2025-04-07,61,6.9,3.0,84,17.8,Istanbul
2025-04-08,3,6.7,2.6,62,14.6,Istanbul
2025-04-09,3,7.3,3.5,56,10.6,Istanbul
2025-04-10,55,9.2,5.6,64,15.0,Istanbul
2025-04-11,63,6.1,1.7,54,15.4,Istanbul
2025-04-12,55,8.1,4.5,67,12.7,Istanbul
2025-04-13,3,8.0,5.5,68,5.8,Istanbul
2025-04-14,3,10.0,7.2,61,9.2,Istanbul
2025-04-15,3,11.6,9.0,64,10.8,Istanbul
2025-04-16,3,14.2,11.7,49,8.6,Istanbul
2025-04-17,3,13.8,11.2,65,14.3,Istanbul
2025-04-18,53,12.6,10.8,75,11.2,Istanbul
2025-04-19,3,12.1,10.7,76,8.3,Istanbul
2025-04-20,3,12.9,11.7,71,5.6,Istanbul
2025-04-21,3,14.9,13.8,66,6.3,Istanbul
2025-04-22,3,14.5,12.3,68,14.3,Istanbul
2025-04-23,3,12.9,10.6,79,16.0,Istanbul
2025-04-24,3,12.4,9.9,80,14.7,Istanbul
2025-04-25,3,13.3,12.0,73,6.6,Istanbul
2025-04-26,51,15.7,14.8,73,8.9,Istanbul
2025-04-27,3,13.2,10.1,74,19.6,Istanbul
2025-04-28,3,11.6,6.7,59,25.3,Istanbul
2025-04-29,3,10.7,5.4,60,25.7,Istanbul
2025-04-30,3,11.4,7.3,65,21.2,Istanbul
2025-05-01,65,11.0,7.5,78,19.8,Istanbul
2025-05-02,3,12.6,10.5,74,11.9,Istanbul
2025-05-03,0,13.3,11.8,66,7.4,Istanbul
2025-05-04,0,15.5,13.8,51,5.2,Istanbul
2025-05-05,3,19.4,18.0,45,6.9,Istanbul
2025-05-06,3,21.0,20.2,52,8.4,Istanbul
2025-05-07,3,22.1,21.3,50,8.9,Istanbul
2025-05-08,3,20.1,19.6,61,10.1,Istanbul
2025-05-09,51,19.4,18.8,64,11.0,Istanbul
2025-05-10,61,14.2,11.3,78,20.6,Istanbul
2025-05-11,3,13.8,11.8,70,12.5,Istanbul
2025-05-12,3,14.0,12.7,71,8.9,Istanbul
2025-05-13,51,13.9,11.4,68,15.4,Istanbul
2025-05-14,3,14.2,11.6,55,11.8,Istanbul
2025-05-15,3,15.7,13.5,44,6.3,Istanbul
2025-05-16,51,18.7,16.7,45,7.7,Istanbul
2025-05-17,63,17.4,16.9,77,11.1,Istanbul
2025-05-18,61,15.3,15.1,80,5.9,Istanbul
2025-05-19,0,16.5,16.3,72,7.5,Istanbul
2025-05-20,51,17.6,17.9,74,5.9,Istanbul
2025-05-21,3,19.8,19.5,57,6.5,Istanbul
2025-05-22,3,22.9,22.0,45,7.1,Istanbul
2025-05-23,3,23.9,23.5,45,6.9,Istanbul
2025-05-24,3,23.1,23.1,56,9.6,Istanbul
2025-05-25,55,19.4,19.0,72,13.7,Istanbul
2025-05-26,63,17.4,17.6,85,9.9,Istanbul
2025-05-27,51,17.0,16.5,72,8.8,Istanbul
2025-05-28,51,18.6,19.5,78,6.7,Istanbul
2025-05-29,63,19.3,19.9,71,6.3,Istanbul
2025-05-30,51,18.7,18.4,75,13.0,Istanbul
2025-05-31,53,18.2,17.1,74,16.8,Istanbul
2025-06-01,53,19.5,18.9,67,11.2,Istanbul
2025-06-02,51,20.3,20.8,64,5.8,Istanbul
2025-06-03,0,22.6,22.5,51,6.2,Istanbul
2025-06-04,0,24.7,24.7,46,6.1,Istanbul
2025-06-05,0,25.3,23.8,39,14.2,Istanbul
2025-06-06,0,22.9,22.7,65,16.4,Istanbul
2025-06-07,3,21.8,21.9,69,15.0,Istanbul
2025-06-08,2,21.8,22.7,71,11.2,Istanbul
2025-06-09,3,22.0,22.5,66,11.0,Istanbul
2025-06-10,3,22.7,23.0,74,17.9,Istanbul
2025-06-11,2,23.2,23.5,70,17.4,Istanbul
2025-06-12,3,23.5,24.6,71,13.8,Istanbul
2025-06-13,3,22.5,22.3,67,16.9,Istanbul
2025-06-14,1,21.7,20.9,60,14.5,Istanbul
2025-06-15,2,21.2,20.6,56,9.5,Istanbul
2025-06-16,1,22.6,22.3,48,5.7,Istanbul
