time,weather_code (wmo code),temperature_2m_mean (°C),apparent_temperature_mean (°C),relative_humidity_2m_mean (%),wind_speed_10m_mean (km/h)
2020-01-01,3,29.0,30.3,54,13.1
2020-01-02,3,28.6,30.3,57,11.4
2020-01-03,3,28.9,30.8,54,9.3
2020-01-04,2,28.8,31.3,58,7.8
2020-01-05,0,29.0,31.0,55,8.9
2020-01-06,2,28.7,31.1,57,6.6
2020-01-07,2,29.0,31.5,55,5.6
2020-01-08,51,29.6,32.6,60,7.6
2020-01-09,3,30.0,33.3,59,6.6
2020-01-10,51,29.9,33.6,62,7.0
2020-01-11,51,29.6,34.4,67,4.1
2020-01-12,51,29.1,34.2,75,7.2
2020-01-13,53,28.2,32.5,75,8.0
2020-01-14,51,28.2,32.8,74,6.7
2020-01-15,51,28.0,32.7,76,5.8
2020-01-16,51,28.3,32.6,72,7.3
2020-01-17,1,28.8,33.4,72,5.4
2020-01-18,51,28.8,33.6,74,6.7
2020-01-19,51,28.7,33.7,76,6.6
2020-01-20,51,28.7,33.2,71,5.7
2020-01-21,51,28.6,33.5,74,5.9
2020-01-22,51,28.8,33.9,75,5.0
2020-01-23,51,29.0,33.6,74,9.4
2020-01-24,3,29.0,33.1,74,13.1
2020-01-25,51,28.8,31.8,72,16.2
2020-01-26,3,29.0,32.1,66,11.7
2020-01-27,51,28.2,30.7,64,10.9
2020-01-28,0,26.7,28.0,57,10.2
2020-01-29,1,28.0,30.8,63,7.3
2020-01-30,51,28.0,30.4,63,9.5
2020-01-31,3,27.6,28.5,52,11.1
2020-02-01,3,27.9,30.0,61,8.7
2020-02-02,3,27.6,30.9,68,6.7
2020-02-03,51,28.0,32.0,74,8.3
2020-02-04,51,27.8,31.3,73,11.3
2020-02-05,51,28.2,31.4,70,11.2
2020-02-06,51,28.1,31.5,72,11.7
2020-02-07,51,28.4,32.7,72,7.0
2020-02-08,51,28.7,32.9,72,7.3
2020-02-09,51,29.0,31.8,63,9.2
2020-02-10,3,28.5,29.5,49,10.8
2020-02-11,3,29.9,32.1,53,8.5
2020-02-12,51,29.0,33.2,73,11.2
2020-02-13,3,29.3,32.5,68,14.2
2020-02-14,3,29.2,32.2,69,15.4
2020-02-15,0,28.8,30.9,60,10.2
2020-02-16,1,28.5,30.7,60,10.1
2020-02-17,3,29.0,32.9,70,8.2
2020-02-18,51,27.4,29.3,62,11.4
2020-02-19,3,28.7,30.2,52,9.1
2020-02-20,3,29.3,30.2,48,11.0
2020-02-21,3,29.0,28.5,42,14.2
2020-02-22,1,29.0,28.4,42,16.1
2020-02-23,1,28.9,29.1,45,12.4
2020-02-24,1,29.1,29.9,47,10.5
2020-02-25,51,27.8,31.5,73,8.3
2020-02-26,51,28.6,32.9,73,8.7
2020-02-27,63,28.3,32.9,76,8.8
2020-02-28,51,28.5,32.8,77,11.6
2020-02-29,51,28.3,32.7,76,9.8
2020-03-01,51,29.1,33.0,72,12.0
2020-03-02,3,29.3,33.1,72,14.1
2020-03-03,3,29.4,32.7,70,16.8
2020-03-04,3,29.6,32.9,68,15.3
2020-03-05,51,29.6,33.3,69,13.1
2020-03-06,61,29.2,33.1,71,12.9
2020-03-07,3,29.2,33.7,74,12.0
2020-03-08,3,30.3,34.5,68,10.5
2020-03-09,3,30.3,33.7,64,10.7
2020-03-10,1,30.1,34.3,69,12.1
2020-03-11,1,30.2,34.7,70,9.7
2020-03-12,3,30.2,34.4,72,15.4
2020-03-13,2,30.6,35.1,71,13.5
2020-03-14,51,30.9,35.5,70,14.2
2020-03-15,63,28.9,34.4,79,7.8
2020-03-16,51,28.3,34.0,81,6.2
2020-03-17,51,29.1,34.1,80,12.5
2020-03-18,51,29.8,34.1,74,14.7
2020-03-19,53,29.6,33.4,74,18.7
2020-03-20,51,29.9,33.5,71,17.1
2020-03-21,1,29.7,33.2,69,15.9
2020-03-22,53,30.0,33.5,67,14.1
2020-03-23,51,30.2,34.1,70,15.4
2020-03-24,1,30.2,33.5,66,15.6
2020-03-25,51,29.8,33.2,68,15.9
2020-03-26,3,30.0,33.8,69,14.2
2020-03-27,3,30.6,34.5,68,15.0
2020-03-28,51,30.5,34.7,70,14.3
2020-03-29,51,30.3,34.7,72,15.3
2020-03-30,51,30.4,34.5,70,15.1
2020-03-31,2,30.9,35.1,69,15.8
2020-04-01,3,30.7,35.1,71,15.2
2020-04-02,53,30.5,34.6,71,16.2
2020-04-03,3,30.7,35.3,71,14.7
2020-04-04,51,31.0,35.8,70,13.0
2020-04-05,51,30.9,35.3,69,13.7
2020-04-06,3,31.1,35.1,67,15.9
2020-04-07,51,30.6,34.5,69,15.7
2020-04-08,51,30.4,34.7,72,16.8
2020-04-09,51,30.4,34.6,71,14.4
2020-04-10,51,30.2,34.8,72,13.2
2020-04-11,51,30.7,35.7,71,11.9
2020-04-12,51,31.1,35.8,70,13.9
2020-04-13,63,28.5,33.4,79,8.9
2020-04-14,61,28.1,33.3,80,6.9
2020-04-15,55,29.1,34.9,78,6.6
2020-04-16,53,29.7,34.7,76,12.3
2020-04-17,55,29.4,34.1,77,14.0
2020-04-18,3,29.5,33.9,71,10.3
2020-04-19,51,30.5,35.4,71,11.7
2020-04-20,3,31.1,35.4,66,12.2
2020-04-21,3,31.4,36.1,68,13.8
2020-04-22,3,32.0,36.3,66,14.7
2020-04-23,63,30.9,35.4,69,12.8
2020-04-24,53,28.7,33.8,76,6.4
2020-04-25,65,28.6,34.3,81,7.0
2020-04-26,3,29.0,34.2,75,6.0
2020-04-27,63,28.1,33.7,80,5.4
2020-04-28,51,29.0,33.7,73,8.8
2020-04-29,61,29.0,34.7,79,8.2
2020-04-30,53,29.4,35.2,78,7.0
2020-05-01,51,29.8,35.3,75,8.2
2020-05-02,3,30.0,35.6,74,9.1
2020-05-03,51,30.6,36.0,73,11.4
2020-05-04,61,30.7,36.6,73,7.6
2020-05-05,51,31.5,37.1,71,10.7
2020-05-06,3,32.0,37.1,69,13.4
2020-05-07,3,31.8,36.9,71,14.2
2020-05-08,53,31.9,37.0,69,13.9
2020-05-09,51,32.2,37.5,68,13.0
2020-05-10,51,32.0,36.9,67,13.7
2020-05-11,61,30.4,36.1,74,8.3
2020-05-12,3,29.4,34.8,75,6.6
2020-05-13,2,30.8,35.9,72,12.1
2020-05-14,51,31.1,36.7,72,10.1
2020-05-15,51,31.2,36.4,71,11.8
2020-05-16,3,32.0,36.5,65,13.9
2020-05-17,61,31.8,37.2,68,10.5
2020-05-18,61,31.8,37.1,68,9.5
2020-05-19,63,31.0,36.4,72,11.1
2020-05-20,51,31.2,35.4,66,15.3
2020-05-21,53,31.1,36.5,70,10.0
2020-05-22,3,32.0,37.0,65,10.9
2020-05-23,55,32.0,37.7,70,10.4
2020-05-24,61,30.3,36.5,80,9.7
2020-05-25,61,29.6,35.8,81,8.6
2020-05-26,53,29.1,35.2,83,7.7
2020-05-27,55,30.5,36.2,73,7.9
2020-05-28,51,30.1,36.1,74,5.6
2020-05-29,63,28.9,34.4,82,10.8
2020-05-30,53,28.7,34.1,81,9.7
2020-05-31,61,29.6,35.4,78,8.5
2020-06-01,55,29.7,35.4,77,7.6
2020-06-02,65,29.0,34.3,80,10.2
2020-06-03,61,29.0,34.6,80,8.4
2020-06-04,53,29.2,34.6,78,9.0
2020-06-05,61,29.1,34.7,79,8.7
2020-06-06,53,29.3,33.9,75,13.0
2020-06-07,51,29.1,33.6,76,13.6
2020-06-08,63,28.9,33.2,76,12.2
2020-06-09,61,29.2,33.5,76,14.3
2020-06-10,53,29.4,34.4,76,10.9
2020-06-11,53,29.6,34.5,72,9.1
2020-06-12,63,30.0,34.8,72,11.0
2020-06-13,63,30.0,35.0,73,12.0
2020-06-14,63,30.0,35.2,74,9.4
2020-06-15,61,27.6,33.2,87,8.0
2020-06-16,63,27.6,33.3,86,7.8
2020-06-17,61,27.5,33.4,88,7.6
2020-06-18,51,28.2,34.1,83,5.6
2020-06-19,63,28.5,34.3,81,7.9
2020-06-20,51,29.3,35.1,77,8.1
2020-06-21,51,29.7,35.5,77,8.0
2020-06-22,55,29.5,35.7,79,7.5
2020-06-23,53,29.0,35.0,82,8.2
2020-06-24,61,29.5,35.7,80,6.8
2020-06-25,63,29.2,35.0,80,7.8
2020-06-26,53,28.5,33.8,81,9.3
2020-06-27,61,28.4,33.6,77,6.9
2020-06-28,55,28.7,33.6,76,9.5
2020-06-29,55,28.7,33.5,76,10.0
2020-06-30,61,29.1,33.8,75,10.4
2020-07-01,51,28.8,32.9,73,11.5
2020-07-02,63,28.8,33.5,77,11.5
2020-07-03,61,27.9,32.8,81,10.3
2020-07-04,53,27.6,32.6,82,8.5
2020-07-05,51,28.4,32.9,76,9.0
2020-07-06,53,29.0,33.6,74,8.8
2020-07-07,61,28.4,34.0,81,7.7
2020-07-08,51,28.8,34.0,79,10.6
2020-07-09,61,29.2,34.8,78,8.9
2020-07-10,63,29.3,35.0,79,9.4
2020-07-11,53,29.5,34.4,74,10.5
2020-07-12,55,29.0,34.5,77,7.4
2020-07-13,63,28.2,33.8,82,6.7
2020-07-14,53,27.2,33.0,86,5.2
2020-07-15,63,28.2,34.0,82,6.7
2020-07-16,61,27.8,33.1,82,8.3
2020-07-17,51,29.0,35.0,79,5.8
2020-07-18,51,29.3,35.4,79,6.1
2020-07-19,61,29.6,35.7,80,9.0
2020-07-20,61,29.2,35.1,79,6.9
2020-07-21,63,28.5,34.4,84,8.0
2020-07-22,55,28.0,33.8,84,7.5
2020-07-23,51,28.7,34.4,81,9.3
2020-07-24,63,28.0,34.0,85,6.2
2020-07-25,63,28.0,33.8,84,8.0
2020-07-26,53,28.1,33.5,83,9.1
2020-07-27,53,28.9,34.5,79,8.7
2020-07-28,63,28.7,34.7,80,6.0
2020-07-29,63,28.6,34.6,82,7.4
2020-07-30,55,28.6,33.5,78,9.3
2020-07-31,63,28.7,33.4,78,11.9
2020-08-01,55,28.8,32.8,74,12.9
2020-08-02,55,28.0,32.1,79,14.1
2020-08-03,55,27.7,32.3,85,13.8
2020-08-04,61,27.9,32.1,84,17.0
2020-08-05,61,27.9,33.3,85,9.8
2020-08-06,63,28.3,34.2,84,7.4
2020-08-07,55,27.0,32.2,86,7.9
2020-08-08,53,27.5,32.6,85,9.9
2020-08-09,63,28.4,33.6,83,12.0
2020-08-10,63,28.5,33.5,80,11.2
2020-08-11,63,27.9,32.9,82,10.1
2020-08-12,63,28.1,33.6,85,9.6
2020-08-13,61,27.8,33.1,84,8.7
2020-08-14,61,27.0,32.1,87,9.1
2020-08-15,55,26.9,32.2,87,7.8
2020-08-16,53,27.9,33.9,84,5.8
2020-08-17,53,28.3,34.1,81,6.6
2020-08-18,51,28.8,34.0,75,7.1
2020-08-19,51,28.8,34.1,76,6.8
2020-08-20,53,28.1,33.5,81,6.2
2020-08-21,55,28.6,33.9,79,7.3
2020-08-22,65,27.9,33.3,84,9.3
2020-08-23,61,27.8,32.8,81,9.2
2020-08-24,51,28.7,33.8,76,7.7
2020-08-25,3,29.5,34.1,70,9.1
2020-08-26,3,30.1,34.5,69,11.4
2020-08-27,3,29.9,33.3,64,11.9
2020-08-28,63,29.0,33.7,76,10.4
2020-08-29,53,29.1,34.3,74,8.1
2020-08-30,51,29.4,35.3,78,7.2
2020-08-31,61,28.8,34.6,81,8.2
2020-09-01,63,27.4,33.1,85,4.7
2020-09-02,63,28.0,33.8,84,6.9
2020-09-03,51,28.8,34.8,80,6.9
2020-09-04,63,28.5,34.9,83,5.6
2020-09-05,55,28.4,34.5,84,7.3
2020-09-06,63,28.6,34.4,83,8.9
2020-09-07,63,28.4,34.1,82,7.9
2020-09-08,53,28.8,34.7,81,7.3
2020-09-09,51,28.6,34.8,83,7.1
2020-09-10,61,28.8,34.8,80,5.9
2020-09-11,53,28.8,34.4,80,9.2
2020-09-12,53,28.7,34.3,80,8.2
2020-09-13,63,28.0,33.4,84,8.4
2020-09-14,61,28.4,33.7,81,8.7
2020-09-15,55,28.0,33.5,82,6.4
2020-09-16,63,28.2,34.2,83,5.7
2020-09-17,63,28.6,33.6,79,10.1
2020-09-18,61,27.2,31.6,83,12.3
2020-09-19,63,27.0,31.2,87,15.8
2020-09-20,61,26.9,31.5,88,13.4
2020-09-21,51,28.1,33.8,83,7.0
2020-09-22,53,28.3,34.6,84,5.3
2020-09-23,63,27.7,33.9,87,5.3
2020-09-24,61,27.2,32.5,84,7.2
2020-09-25,51,28.2,33.4,79,8.8
2020-09-26,61,28.6,33.7,78,9.6
2020-09-27,63,28.6,33.5,77,10.5
2020-09-28,63,26.5,31.9,89,6.1
2020-09-29,55,27.1,32.2,85,8.5
2020-09-30,63,27.8,32.6,81,9.0
2020-10-01,63,27.7,33.0,82,8.1
2020-10-02,63,27.9,33.8,84,6.4
2020-10-03,61,26.8,32.3,87,5.8
2020-10-04,61,27.3,33.3,88,5.5
2020-10-05,63,27.8,34.0,85,4.6
2020-10-06,63,27.2,33.0,86,5.3
2020-10-07,61,27.1,31.9,85,11.2
2020-10-08,65,25.1,28.1,87,16.3
2020-10-09,65,24.8,28.9,90,9.7
2020-10-10,65,24.2,27.8,90,10.4
2020-10-11,65,24.8,29.5,91,6.8
2020-10-12,51,26.1,31.1,85,4.4
2020-10-13,63,24.4,28.7,90,7.1
2020-10-14,61,26.3,31.2,85,7.6
2020-10-15,63,27.5,32.9,84,7.9
2020-10-16,63,26.0,31.3,90,5.8
2020-10-17,63,24.5,28.3,91,11.7
2020-10-18,61,23.5,26.8,88,9.0
2020-10-19,51,24.6,28.5,85,6.2
2020-10-20,51,24.9,28.5,83,8.7
2020-10-21,53,25.3,28.7,82,9.6
2020-10-22,3,26.3,30.1,78,8.0
2020-10-23,3,26.9,31.2,75,5.7
2020-10-24,3,26.6,30.2,72,6.4
2020-10-25,3,26.0,29.3,70,5.6
2020-10-26,51,26.9,31.0,72,4.6
2020-10-27,51,25.7,29.7,80,6.6
2020-10-28,3,26.9,31.3,82,9.3
2020-10-29,61,25.9,30.3,85,8.0
2020-10-30,63,26.1,31.0,87,7.5
2020-10-31,65,26.1,31.6,89,4.8
2020-11-01,55,26.8,31.9,87,8.2
2020-11-02,51,27.7,32.5,79,8.3
2020-11-03,3,27.5,31.7,75,8.5
2020-11-04,51,27.0,30.9,74,8.2
2020-11-05,3,27.1,31.8,77,5.0
2020-11-06,51,27.0,31.4,78,7.2
2020-11-07,53,26.4,30.3,79,8.8
2020-11-08,63,26.2,29.7,77,9.2
2020-11-09,3,26.1,28.7,71,10.8
2020-11-10,3,25.9,28.4,69,9.6
2020-11-11,53,23.8,24.3,69,16.5
2020-11-12,63,23.2,25.5,81,10.4
2020-11-13,3,25.4,27.9,70,8.2
2020-11-14,3,24.9,26.9,66,7.3
2020-11-15,3,25.7,28.3,66,6.9
2020-11-16,3,27.4,30.7,68,7.6
2020-11-17,51,28.2,32.1,70,7.1
2020-11-18,3,29.0,33.4,69,5.5
2020-11-19,1,29.5,34.0,68,6.0
2020-11-20,51,29.5,34.1,69,6.5
2020-11-21,63,28.5,34.4,81,5.1
2020-11-22,61,27.9,33.7,82,4.2
2020-11-23,53,28.3,33.5,79,7.0
2020-11-24,3,28.3,31.9,68,8.2
2020-11-25,51,28.2,31.4,66,9.2
2020-11-26,2,28.4,31.8,65,8.5
2020-11-27,51,27.7,30.0,64,11.9
2020-11-28,3,27.5,30.1,62,7.8
2020-11-29,3,26.7,29.1,65,8.6
2020-11-30,3,26.5,28.3,63,10.0
2020-12-01,55,26.2,27.9,63,10.3
2020-12-02,51,26.8,29.5,67,7.6
2020-12-03,3,27.1,29.7,66,8.8
2020-12-04,3,25.5,26.4,58,10.7
2020-12-05,3,23.7,24.7,61,8.4
2020-12-06,3,24.3,25.6,63,8.3
2020-12-07,3,24.9,26.5,64,8.0
2020-12-08,3,26.2,28.7,65,6.7
2020-12-09,3,25.6,27.1,61,7.9
2020-12-10,3,24.9,26.6,62,5.8
2020-12-11,3,27.1,28.9,58,9.0
2020-12-12,3,28.3,31.5,63,6.6
2020-12-13,53,28.7,32.9,69,6.1
2020-12-14,63,28.0,33.6,80,4.5
2020-12-15,61,28.1,32.9,77,7.0
2020-12-16,51,28.1,32.0,72,8.8
2020-12-17,3,27.6,31.5,71,6.1
2020-12-18,51,27.2,29.9,64,7.3
2020-12-19,3,26.1,28.1,62,7.7
2020-12-20,3,24.2,25.0,60,9.1
2020-12-21,3,22.1,22.1,58,8.9
2020-12-22,3,22.7,22.4,57,10.9
2020-12-23,3,24.3,24.2,57,13.8
2020-12-24,2,26.3,27.3,60,12.2
2020-12-25,51,26.5,29.3,69,8.2
2020-12-26,51,27.3,31.0,71,6.2
2020-12-27,51,27.8,32.1,73,5.6
2020-12-28,51,27.6,32.2,75,4.4
2020-12-29,3,28.4,32.8,71,4.8
2020-12-30,3,28.5,30.2,59,12.5
2020-12-31,3,24.5,24.3,54,12.9
2021-01-01,3,22.2,22.5,59,7.6
2021-01-02,3,22.6,22.9,59,8.5
2021-01-03,3,24.2,25.1,61,8.6
2021-01-04,3,25.5,26.9,62,9.5
2021-01-05,3,26.4,28.6,63,6.5
2021-01-06,2,27.5,31.1,67,5.4
2021-01-07,3,27.4,30.4,65,6.7
2021-01-08,3,27.1,28.5,61,13.9
2021-01-09,3,24.1,24.6,61,10.9
2021-01-10,3,23.9,25.4,64,6.7
2021-01-11,3,24.0,24.7,61,8.9
2021-01-12,3,20.8,19.5,52,11.5
2021-01-13,1,20.5,20.1,55,7.3
2021-01-14,3,22.3,22.8,61,7.1
2021-01-15,3,23.8,25.4,66,6.5
2021-01-16,1,24.8,27.7,75,7.2
2021-01-17,51,26.3,28.4,68,9.6
2021-01-18,3,24.3,23.4,51,15.6
2021-01-19,3,22.4,22.4,57,8.2
2021-01-20,3,23.5,24.4,59,5.8
2021-01-21,3,24.2,24.9,57,7.0
2021-01-22,3,25.2,26.4,58,7.1
2021-01-23,2,26.1,27.9,60,7.1
2021-01-24,1,26.6,29.5,69,7.9
2021-01-25,51,26.9,31.1,77,6.8
2021-01-26,51,27.9,32.2,74,6.6
2021-01-27,51,28.0,32.9,78,6.7
2021-01-28,51,28.5,32.9,73,6.7
2021-01-29,3,27.9,29.2,55,11.3
2021-01-30,3,27.3,28.8,55,8.5
2021-01-31,0,26.8,28.5,57,7.9
2021-02-01,1,27.1,29.9,64,6.0
2021-02-02,1,27.5,30.6,65,5.3
2021-02-03,3,28.0,31.1,68,8.1
2021-02-04,3,27.5,30.3,66,7.9
2021-02-05,3,26.8,28.3,55,6.5
2021-02-06,3,27.0,29.5,62,5.9
2021-02-07,3,27.6,30.8,67,7.8
2021-02-08,51,27.8,32.2,78,9.0
2021-02-09,63,26.0,30.6,84,5.9
2021-02-10,53,25.9,29.1,75,7.8
2021-02-11,3,26.0,29.0,69,6.1
2021-02-12,2,26.4,28.9,64,6.5
2021-02-13,3,26.9,30.2,71,7.5
2021-02-14,51,27.6,30.9,71,9.1
2021-02-15,51,27.3,30.5,74,12.0
2021-02-16,51,27.8,31.2,73,12.9
2021-02-17,53,27.1,31.4,79,9.4
2021-02-18,53,27.5,29.5,63,11.5
2021-02-19,1,26.4,26.4,51,13.2
2021-02-20,0,25.9,26.7,54,9.5
2021-02-21,0,26.2,28.2,60,5.4
2021-02-22,3,27.1,30.3,71,8.6
2021-02-23,3,27.4,31.0,73,9.3
2021-02-24,2,27.8,31.0,72,12.1
2021-02-25,3,29.1,32.5,67,9.8
2021-02-26,3,28.8,31.2,60,9.4
2021-02-27,3,27.9,31.6,70,7.6
2021-02-28,1,27.8,30.9,73,13.8
2021-03-01,3,28.3,31.7,71,12.5
2021-03-02,51,28.7,33.0,74,10.6
2021-03-03,63,27.7,32.3,81,10.7
2021-03-04,51,27.9,32.8,79,7.9
2021-03-05,51,28.3,33.0,77,9.4
2021-03-06,1,28.6,32.9,75,11.7
2021-03-07,2,29.0,33.3,75,12.1
2021-03-08,51,28.9,33.2,74,10.6
2021-03-09,61,28.7,33.7,75,8.1
2021-03-10,61,28.5,33.4,77,8.6
2021-03-11,51,28.8,34.0,77,7.3
2021-03-12,51,29.2,34.4,75,7.5
2021-03-13,55,28.8,33.5,76,10.1
2021-03-14,53,28.8,33.4,76,9.9
2021-03-15,51,29.1,33.2,73,13.1
2021-03-16,51,28.9,33.0,75,13.1
2021-03-17,51,29.2,33.4,74,13.5
2021-03-18,51,29.7,34.3,73,11.9
2021-03-19,51,29.9,34.1,71,13.6
2021-03-20,51,29.6,33.8,73,14.4
2021-03-21,3,30.0,34.9,74,12.6
2021-03-22,63,27.9,32.9,81,8.7
2021-03-23,3,28.7,32.3,65,7.9
2021-03-24,51,29.3,33.3,64,6.8
2021-03-25,51,29.5,33.5,68,10.7
2021-03-26,51,29.6,34.1,74,12.8
2021-03-27,3,30.0,34.5,71,12.9
2021-03-28,3,30.1,34.4,71,14.9
2021-03-29,3,30.2,34.8,72,14.2
2021-03-30,51,30.5,35.3,71,13.3
2021-03-31,51,30.6,35.8,72,10.2
2021-04-01,3,30.3,35.3,71,10.6
2021-04-02,3,30.4,34.7,69,14.4
2021-04-03,51,30.4,35.5,74,12.8
2021-04-04,61,28.7,34.2,80,8.7
2021-04-05,63,26.8,32.1,86,6.5
2021-04-06,63,26.6,32.2,89,6.4
2021-04-07,63,27.1,32.6,87,7.1
2021-04-08,63,28.0,33.9,83,5.2
2021-04-09,51,28.6,34.7,82,6.5
2021-04-10,63,28.2,34.4,85,5.6
2021-04-11,63,27.5,33.6,87,4.4
2021-04-12,63,27.8,34.1,87,5.5
2021-04-13,53,28.3,33.9,82,7.7
2021-04-14,55,28.3,33.9,83,8.6
2021-04-15,61,28.3,34.3,81,5.6
2021-04-16,55,28.9,34.7,80,8.7
2021-04-17,51,28.5,34.4,80,5.3
2021-04-18,63,28.3,34.4,82,5.1
2021-04-19,55,28.0,33.6,82,6.7
2021-04-20,61,28.5,34.1,80,7.0
2021-04-21,61,28.7,35.0,82,5.6
2021-04-22,61,29.2,35.1,80,7.3
2021-04-23,55,29.7,35.4,78,9.5
2021-04-24,63,29.5,35.1,78,9.4
2021-04-25,53,29.4,35.7,80,6.5
2021-04-26,63,28.4,34.4,82,5.6
2021-04-27,63,27.5,33.6,86,5.1
2021-04-28,61,27.2,32.9,87,7.3
2021-04-29,61,26.7,32.1,87,6.6
2021-04-30,51,27.1,32.7,87,5.5
2021-05-01,61,27.6,33.5,86,5.8
2021-05-02,53,28.3,34.6,82,4.2
2021-05-03,55,29.0,35.7,81,3.3
2021-05-04,65,29.5,36.3,81,4.7
2021-05-05,3,29.8,36.5,79,4.6
2021-05-06,63,27.1,32.6,87,7.1
2021-05-07,55,27.5,32.9,84,7.4
2021-05-08,51,28.1,34.5,85,4.5
2021-05-09,53,28.6,34.9,82,5.2
2021-05-10,51,29.6,35.4,79,9.4
2021-05-11,51,30.0,35.8,77,9.7
2021-05-12,53,30.1,36.1,78,9.4
2021-05-13,51,30.4,35.8,74,10.7
2021-05-14,3,30.7,36.2,73,11.4
2021-05-15,55,30.6,36.4,75,11.1
2021-05-16,51,30.3,35.8,76,11.3
2021-05-17,51,30.7,36.6,74,8.9
2021-05-18,53,30.5,35.9,75,12.4
2021-05-19,63,29.8,35.8,78,8.0
2021-05-20,63,29.6,36.0,82,7.2
2021-05-21,53,30.1,35.7,75,9.9
2021-05-22,63,29.9,34.7,71,11.2
2021-05-23,55,30.7,35.0,68,12.3
2021-05-24,51,30.6,35.2,69,10.1
2021-05-25,61,29.6,34.3,72,10.1
2021-05-26,3,29.6,34.0,70,8.9
2021-05-27,63,29.5,34.1,72,9.7
2021-05-28,63,27.7,33.3,86,8.6
2021-05-29,61,28.6,33.8,81,12.3
2021-05-30,51,29.4,34.3,76,13.7
2021-05-31,51,29.8,34.8,74,12.3
2021-06-01,51,30.6,35.7,71,11.5
2021-06-02,2,31.5,36.7,67,10.1
2021-06-03,2,32.0,37.1,65,10.6
2021-06-04,55,32.3,36.9,64,12.8
2021-06-05,63,31.2,35.8,67,12.6
2021-06-06,63,30.2,34.1,67,11.6
2021-06-07,51,30.5,33.5,61,13.8
2021-06-08,51,30.5,33.7,62,14.1
2021-06-09,53,29.2,33.3,71,10.8
2021-06-10,63,27.8,32.7,82,10.0
2021-06-11,51,28.9,33.4,75,9.9
2021-06-12,53,28.9,33.1,72,9.7
2021-06-13,53,28.2,32.7,76,8.9
2021-06-14,53,29.0,33.3,73,11.1
2021-06-15,61,27.6,32.3,80,9.3
2021-06-16,53,28.8,33.4,77,10.9
2021-06-17,51,28.9,33.7,75,8.8
2021-06-18,53,29.8,34.7,72,9.9
2021-06-19,55,30.7,35.1,68,11.3
2021-06-20,53,31.3,34.8,62,13.4
2021-06-21,63,30.3,34.0,65,12.6
2021-06-22,61,29.4,33.6,70,10.7
2021-06-23,63,29.3,33.4,70,11.3
2021-06-24,51,29.9,33.2,65,13.4
2021-06-25,61,29.4,33.5,70,11.6
2021-06-26,51,29.1,34.1,76,11.2
2021-06-27,51,29.9,34.8,74,12.4
2021-06-28,63,29.0,34.0,76,7.0
2021-06-29,63,29.2,34.6,79,8.8
2021-06-30,63,28.9,33.9,77,10.3
2021-07-01,53,29.4,34.1,73,10.5
2021-07-02,53,29.6,35.1,76,8.6
2021-07-03,51,30.6,35.4,69,10.0
2021-07-04,53,31.4,36.0,66,11.5
2021-07-05,61,31.5,35.5,62,12.0
2021-07-06,65,29.3,34.3,76,10.3
2021-07-07,65,28.4,33.5,80,8.9
2021-07-08,63,28.1,33.1,80,8.6
2021-07-09,63,27.0,32.3,85,6.7
2021-07-10,63,26.2,31.2,91,9.6
2021-07-11,63,26.5,31.3,89,11.3
2021-07-12,63,28.1,33.8,83,7.6
2021-07-13,63,28.2,34.6,85,4.5
2021-07-14,63,27.8,33.9,86,5.0
2021-07-15,61,26.7,32.1,87,6.8
2021-07-16,63,27.3,32.7,85,7.6
2021-07-17,63,27.8,33.2,83,9.2
2021-07-18,61,27.8,32.2,81,11.7
2021-07-19,53,27.4,32.0,82,10.4
2021-07-20,61,27.6,31.8,83,14.7
2021-07-21,53,27.9,32.3,82,13.7
2021-07-22,61,28.3,32.8,81,13.2
2021-07-23,53,27.9,33.1,84,10.4
2021-07-24,61,27.3,32.8,88,8.9
2021-07-25,53,27.0,32.3,88,9.5
2021-07-26,53,28.0,32.7,82,12.1
2021-07-27,63,27.9,32.8,83,11.4
2021-07-28,65,28.3,33.4,82,11.0
2021-07-29,55,28.2,33.3,81,11.0
2021-07-30,63,28.5,33.6,81,11.6
2021-07-31,63,28.4,33.3,80,11.2
2021-08-01,63,28.6,33.1,77,11.8
2021-08-02,51,28.3,32.8,77,11.3
2021-08-03,63,28.2,32.8,79,11.2
2021-08-04,61,28.0,32.8,80,10.5
2021-08-05,61,28.1,32.9,80,10.7
2021-08-06,61,28.1,33.1,81,9.8
2021-08-07,61,28.5,33.6,79,9.9
2021-08-08,53,28.6,33.7,79,10.6
2021-08-09,55,28.9,34.1,78,10.9
2021-08-10,55,29.3,34.4,76,11.4
2021-08-11,63,28.5,33.8,83,10.9
2021-08-12,63,28.1,33.1,84,12.4
2021-08-13,63,28.1,33.1,82,10.3
2021-08-14,55,27.5,32.3,83,10.5
2021-08-15,53,27.0,31.6,87,12.8
2021-08-16,55,26.9,31.7,85,10.4
2021-08-17,51,28.4,34.6,81,5.0
2021-08-18,3,29.2,34.6,75,7.9
2021-08-19,61,28.8,34.0,76,7.5
2021-08-20,61,29.1,35.2,79,5.9
2021-08-21,61,28.4,34.1,82,7.8
2021-08-22,63,28.2,34.0,83,7.8
2021-08-23,63,28.5,33.6,79,10.6
2021-08-24,63,28.3,33.4,80,9.8
2021-08-25,63,27.5,32.9,84,7.6
2021-08-26,63,26.7,31.9,87,7.7
2021-08-27,63,26.0,31.3,89,6.2
2021-08-28,61,26.4,31.3,87,8.4
2021-08-29,61,26.3,31.4,88,7.8
2021-08-30,63,27.4,33.3,85,4.3
2021-08-31,65,27.3,33.3,86,4.5
2021-09-01,63,26.7,32.5,87,3.8
2021-09-02,63,27.0,32.8,86,4.8
2021-09-03,61,26.7,31.5,85,8.3
2021-09-04,53,27.2,32.0,82,8.7
2021-09-05,63,26.6,31.7,86,6.7
2021-09-06,53,27.7,33.1,81,6.3
2021-09-07,63,27.0,32.2,86,9.0
2021-09-08,63,26.3,31.4,89,8.0
2021-09-09,63,26.5,31.7,89,9.2
2021-09-10,55,26.6,32.1,89,6.4
2021-09-11,63,26.9,32.0,86,7.8
2021-09-12,51,27.6,31.6,79,12.5
2021-09-13,51,28.4,32.6,75,13.0
2021-09-14,63,27.7,32.3,81,10.8
2021-09-15,65,26.6,32.2,89,6.1
2021-09-16,63,26.9,31.8,87,10.1
2021-09-17,51,27.9,33.0,82,9.9
2021-09-18,53,28.0,34.0,84,6.5
2021-09-19,51,27.4,33.2,85,5.4
2021-09-20,63,26.6,32.4,90,5.5
2021-09-21,65,26.1,30.8,88,9.0
2021-09-22,63,26.5,31.8,88,7.1
2021-09-23,63,26.9,32.5,87,5.6
2021-09-24,63,27.1,32.4,86,8.5
2021-09-25,61,26.2,31.3,90,8.5
2021-09-26,63,25.6,30.4,92,9.4
2021-09-27,61,26.6,32.1,87,4.6
2021-09-28,63,27.1,33.1,87,4.8
2021-09-29,61,28.3,35.0,86,5.5
2021-09-30,55,28.3,34.9,86,4.8
2021-10-01,51,28.7,34.7,84,9.2
2021-10-02,53,28.1,33.8,84,8.2
2021-10-03,63,27.4,33.4,85,4.1
2021-10-04,53,27.7,33.9,85,5.5
2021-10-05,51,28.2,33.3,80,10.0
2021-10-06,65,27.2,32.8,86,6.9
2021-10-07,61,27.2,32.7,85,6.0
2021-10-08,3,27.5,33.1,85,6.4
2021-10-09,51,27.8,33.1,84,7.9
2021-10-10,51,28.2,33.3,82,10.0
2021-10-11,63,28.0,33.7,85,8.4
2021-10-12,63,27.3,33.0,88,7.7
2021-10-13,61,27.2,33.1,87,5.6
2021-10-14,63,27.2,32.6,85,7.3
2021-10-15,63,26.3,31.7,90,6.7
2021-10-16,63,26.9,32.3,87,8.3
2021-10-17,65,24.2,28.4,91,7.4
2021-10-18,63,24.4,27.8,86,8.9
2021-10-19,53,26.1,31.0,84,5.1
2021-10-20,53,27.5,33.5,86,5.5
2021-10-21,63,27.3,33.2,86,5.4
2021-10-22,63,26.2,31.7,88,5.6
2021-10-23,65,25.7,30.2,87,8.8
2021-10-24,63,26.1,31.0,86,6.9
2021-10-25,53,26.4,31.1,81,6.4
2021-10-26,51,27.2,32.2,79,5.4
2021-10-27,3,27.0,30.9,75,8.8
2021-10-28,63,26.2,30.2,81,9.1
2021-10-29,63,26.9,32.0,83,7.4
2021-10-30,55,27.2,32.8,85,6.6
2021-10-31,51,26.6,32.1,89,5.8
2021-11-01,63,26.3,31.8,89,6.7
2021-11-02,63,26.4,31.9,89,6.6
2021-11-03,51,27.2,32.2,82,7.4
2021-11-04,51,27.9,33.1,80,6.1
2021-11-05,51,28.4,33.9,79,5.5
2021-11-06,63,27.2,33.2,86,4.2
2021-11-07,63,27.4,33.5,86,5.1
2021-11-08,63,26.8,32.1,87,8.0
2021-11-09,51,26.8,30.8,79,10.3
2021-11-10,3,26.4,30.8,78,6.0
2021-11-11,3,26.3,30.4,77,6.4
2021-11-12,61,26.3,30.6,79,6.4
2021-11-13,63,25.6,29.9,84,6.5
2021-11-14,51,25.9,29.6,79,7.7
2021-11-15,51,26.7,30.9,79,7.4
2021-11-16,63,26.7,31.5,84,7.5
2021-11-17,63,27.3,32.6,82,6.3
2021-11-18,63,27.0,31.5,81,8.0
2021-11-19,51,27.8,33.2,82,6.2
2021-11-20,51,28.0,34.0,83,4.0
2021-11-21,63,28.0,34.2,84,4.4
2021-11-22,63,27.6,33.4,85,6.1
2021-11-23,63,26.1,30.2,84,10.2
2021-11-24,51,25.8,29.1,78,8.8
2021-11-25,3,26.3,29.5,71,7.6
2021-11-26,3,26.4,29.8,71,6.5
2021-11-27,3,25.6,27.7,66,9.3
2021-11-28,3,25.7,26.8,61,12.3
2021-11-29,53,27.0,28.0,60,14.8
2021-11-30,51,25.1,26.6,68,12.0
2021-12-01,51,24.7,25.9,63,9.4
2021-12-02,3,25.0,26.6,65,8.2
2021-12-03,3,24.6,25.7,59,7.8
2021-12-04,3,22.8,23.4,58,6.1
2021-12-05,3,22.5,22.1,55,9.7
2021-12-06,3,23.8,24.0,57,9.8
2021-12-07,2,24.4,25.2,56,7.0
2021-12-08,2,24.3,24.7,53,8.0
2021-12-09,3,25.9,27.3,60,8.9
2021-12-10,3,27.0,29.4,63,7.7
2021-12-11,3,27.1,29.2,60,8.3
2021-12-12,1,26.1,27.6,59,8.2
2021-12-13,3,25.9,27.1,60,9.8
2021-12-14,3,25.8,27.5,61,7.8
2021-12-15,3,26.5,28.5,62,8.2
2021-12-16,3,27.2,29.2,60,9.0
2021-12-17,3,28.7,30.5,56,10.5
2021-12-18,3,28.1,29.8,56,10.4
2021-12-19,3,25.0,26.2,59,7.2
2021-12-20,3,24.0,24.6,58,8.4
2021-12-21,3,25.0,26.0,57,7.3
2021-12-22,3,26.1,27.7,58,7.0
2021-12-23,2,26.6,28.8,60,5.5
2021-12-24,51,26.8,30.2,71,6.7
2021-12-25,61,26.2,29.7,76,7.7
2021-12-26,51,25.9,29.3,77,8.4
2021-12-27,53,27.0,30.4,71,7.2
2021-12-28,3,26.5,28.7,65,9.2
2021-12-29,3,27.0,28.7,60,10.4
2021-12-30,3,27.1,28.9,61,9.6
2021-12-31,3,26.5,28.0,61,9.8
2022-01-01,3,25.5,27.2,62,7.8
2022-01-02,3,25.5,27.0,61,8.7
2022-01-03,3,26.2,27.8,61,8.8
2022-01-04,3,26.3,28.8,65,7.0
2022-01-05,3,26.9,29.3,63,6.8
2022-01-06,3,27.1,29.7,63,5.7
2022-01-07,2,27.5,29.8,59,6.8
2022-01-08,3,27.8,30.0,57,6.6
2022-01-09,0,27.6,29.6,57,7.0
2022-01-10,0,27.3,29.6,58,4.7
2022-01-11,1,27.6,29.8,58,5.7
2022-01-12,51,28.1,31.4,66,6.7
2022-01-13,2,28.0,31.6,67,6.2
2022-01-14,3,27.6,30.8,68,6.6
2022-01-15,3,27.2,30.3,68,6.1
2022-01-16,3,27.6,30.4,63,5.9
2022-01-17,51,27.6,30.6,64,5.2
2022-01-18,3,28.1,29.4,51,8.9
2022-01-19,3,27.3,28.4,54,10.2
2022-01-20,3,27.3,29.2,60,9.2
2022-01-21,65,24.9,28.4,83,9.5
2022-01-22,51,25.5,29.0,83,11.2
2022-01-23,51,26.1,29.9,78,7.3
2022-01-24,51,26.3,30.0,75,6.7
2022-01-25,2,26.6,30.2,74,7.0
2022-01-26,51,27.1,31.3,77,7.2
2022-01-27,55,27.9,32.9,77,5.0
2022-01-28,51,28.0,32.8,77,6.9
2022-01-29,3,28.7,32.8,72,9.3
2022-01-30,3,28.5,31.8,65,8.2
2022-01-31,51,28.0,31.8,74,10.4
2022-02-01,51,28.2,31.5,72,13.8
2022-02-02,55,27.6,31.5,77,10.9
2022-02-03,51,28.0,32.2,74,8.2
2022-02-04,53,27.0,30.8,74,7.2
2022-02-05,53,27.7,30.3,65,9.1
2022-02-06,3,28.1,29.9,55,7.7
2022-02-07,3,28.9,31.9,58,5.7
2022-02-08,2,29.3,32.8,60,5.2
2022-02-09,53,28.6,33.5,76,8.1
2022-02-10,63,27.7,32.4,78,7.8
2022-02-11,63,27.9,33.0,79,6.1
2022-02-12,61,26.5,31.5,85,5.3
2022-02-13,51,27.6,32.9,82,6.2
2022-02-14,61,26.8,31.7,83,6.8
2022-02-15,63,25.5,30.1,89,7.6
2022-02-16,65,25.1,29.7,89,6.6
2022-02-17,63,25.4,30.2,89,7.3
2022-02-18,63,26.2,31.0,87,8.0
2022-02-19,63,27.1,31.6,84,12.8
2022-02-20,53,27.7,32.4,84,13.3
2022-02-21,53,26.2,30.9,87,9.3
2022-02-22,3,24.8,27.9,75,6.4
2022-02-23,3,25.6,29.1,75,6.9
2022-02-24,3,24.6,26.5,67,9.0
2022-02-25,3,24.7,26.6,66,7.9
2022-02-26,3,25.3,27.0,61,7.6
2022-02-27,3,26.4,28.3,62,9.3
2022-02-28,3,27.9,31.3,64,5.0
2022-03-01,51,28.4,33.3,75,7.5
2022-03-02,55,28.4,33.4,78,8.2
2022-03-03,51,28.8,34.2,77,7.3
2022-03-04,3,29.0,33.8,73,7.0
2022-03-05,51,29.5,34.9,76,9.2
2022-03-06,3,29.6,34.2,75,13.1
2022-03-07,65,29.2,34.1,76,9.6
2022-03-08,61,26.5,31.0,82,8.3
2022-03-09,1,27.7,32.9,79,5.3
2022-03-10,51,28.2,33.5,79,7.7
2022-03-11,53,28.6,34.2,80,7.8
2022-03-12,51,29.3,35.1,78,7.4
2022-03-13,51,29.2,35.0,80,8.9
2022-03-14,3,29.4,34.6,79,12.4
2022-03-15,3,29.6,34.5,75,12.1
2022-03-16,55,29.3,33.9,76,12.8
2022-03-17,3,29.7,34.4,72,11.1
2022-03-18,65,28.3,33.7,80,7.0
2022-03-19,3,28.1,33.1,75,6.0
2022-03-20,61,27.7,32.8,82,10.3
2022-03-21,63,27.5,31.5,82,14.4
2022-03-22,63,27.4,32.3,84,11.7
2022-03-23,61,27.0,32.3,86,7.8
2022-03-24,63,27.7,33.3,84,7.6
2022-03-25,63,28.1,33.8,84,8.0
2022-03-26,3,29.1,34.9,80,9.6
2022-03-27,53,29.5,35.3,78,8.8
2022-03-28,61,28.9,34.7,80,8.7
2022-03-29,63,27.9,33.6,84,6.8
2022-03-30,63,27.8,33.9,83,5.5
2022-03-31,63,28.6,34.2,79,7.1
2022-04-01,51,28.4,32.6,73,10.0
2022-04-02,3,25.2,26.7,68,12.4
2022-04-03,51,21.8,22.2,72,12.9
2022-04-04,3,25.4,27.6,66,8.7
2022-04-05,3,27.5,30.1,63,7.1
2022-04-06,3,29.4,33.0,62,7.5
2022-04-07,3,29.8,32.4,57,11.0
2022-04-08,3,29.2,30.8,50,9.7
2022-04-09,2,29.7,32.3,53,6.8
2022-04-10,3,29.9,34.2,65,6.7
2022-04-11,55,29.6,34.5,73,9.5
2022-04-12,53,30.1,35.5,74,9.5
2022-04-13,53,30.8,35.7,69,10.7
2022-04-14,3,31.6,36.2,63,8.3
2022-04-15,1,31.5,35.5,61,9.8
2022-04-16,3,31.3,36.0,66,9.6
2022-04-17,61,30.3,35.4,71,10.8
2022-04-18,65,27.5,33.0,83,5.9
2022-04-19,63,27.1,32.0,83,6.9
2022-04-20,63,28.2,33.7,78,5.5
2022-04-21,61,28.2,33.9,81,6.1
2022-04-22,63,28.5,34.2,82,8.5
2022-04-23,51,29.4,35.1,78,9.7
2022-04-24,51,29.7,35.6,77,9.5
2022-04-25,51,29.8,35.3,79,12.7
2022-04-26,53,30.1,35.5,76,12.3
2022-04-27,3,30.9,36.8,71,7.7
2022-04-28,63,30.8,36.7,76,11.7
2022-04-29,53,28.8,34.4,77,5.5
2022-04-30,55,29.0,34.9,78,6.2
2022-05-01,63,28.3,34.0,82,7.9
2022-05-02,65,26.2,29.7,81,12.0
2022-05-03,3,24.3,26.9,76,7.7
2022-05-04,3,24.2,27.2,80,7.0
2022-05-05,3,26.9,31.5,79,7.0
2022-05-06,65,27.3,32.7,84,7.5
2022-05-07,63,27.3,32.8,87,8.3
2022-05-08,63,27.1,32.5,85,7.1
2022-05-09,63,27.5,32.9,85,8.8
2022-05-10,55,27.3,32.6,86,9.0
2022-05-11,55,27.5,33.1,87,8.5
2022-05-12,63,28.2,34.3,85,6.7
2022-05-13,51,29.2,35.1,80,8.3
2022-05-14,63,29.3,35.5,80,7.3
2022-05-15,63,29.5,35.9,82,7.0
2022-05-16,65,28.8,34.8,81,8.0
2022-05-17,63,26.6,32.1,87,6.5
2022-05-18,63,26.4,31.7,87,6.5
2022-05-19,65,27.3,32.2,86,11.7
2022-05-20,63,28.3,32.7,80,14.6
2022-05-21,63,27.5,31.8,85,14.5
2022-05-22,61,26.7,31.2,86,11.6
2022-05-23,53,27.9,32.6,80,11.3
2022-05-24,63,27.9,32.8,81,10.9
2022-05-25,61,28.0,33.3,82,8.9
2022-05-26,51,28.1,32.6,78,11.0
2022-05-27,63,28.3,33.0,78,10.9
2022-05-28,61,27.8,32.5,80,10.8
2022-05-29,63,28.1,33.0,80,10.1
2022-05-30,61,28.1,32.8,78,10.9
2022-05-31,63,28.1,33.8,81,6.8
2022-06-01,61,28.8,34.7,80,6.9
2022-06-02,61,28.9,34.4,78,9.3
2022-06-03,65,28.6,33.9,81,10.1
2022-06-04,61,28.0,32.8,82,11.6
2022-06-05,51,28.0,33.0,80,8.5
2022-06-06,51,28.0,32.7,79,9.0
2022-06-07,53,28.4,32.6,73,10.6
2022-06-08,51,28.5,32.9,74,9.5
2022-06-09,63,28.8,34.0,76,8.0
2022-06-10,51,28.7,34.0,78,8.0
2022-06-11,55,29.3,34.8,76,8.1
2022-06-12,51,29.6,34.9,73,6.9
2022-06-13,65,29.1,34.8,77,6.5
2022-06-14,51,29.6,34.9,75,9.1
2022-06-15,63,29.4,34.4,75,9.9
2022-06-16,53,29.5,34.5,74,9.7
2022-06-17,51,30.2,35.6,71,7.1
2022-06-18,51,30.2,35.5,70,7.2
2022-06-19,53,30.0,34.1,65,9.9
2022-06-20,55,30.1,34.4,68,10.0
2022-06-21,65,28.6,33.0,73,8.3
2022-06-22,61,28.8,34.4,78,6.8
2022-06-23,61,28.7,34.0,77,6.4
2022-06-24,65,28.0,33.2,79,6.8
2022-06-25,55,27.7,33.5,83,6.7
2022-06-26,61,27.7,32.4,82,11.2
2022-06-27,63,27.8,33.0,83,9.1
2022-06-28,63,28.4,34.1,81,6.4
2022-06-29,61,29.2,34.7,77,8.7
2022-06-30,65,28.8,33.6,76,10.5
2022-07-01,63,29.1,33.4,74,12.3
2022-07-02,63,28.2,33.2,80,9.5
2022-07-03,61,28.5,33.2,78,10.3
2022-07-04,61,28.4,33.2,80,11.5
2022-07-05,53,28.9,33.8,78,11.0
2022-07-06,53,29.2,34.4,76,9.2
2022-07-07,61,28.9,33.7,76,9.0
2022-07-08,63,28.5,32.9,76,11.2
2022-07-09,63,27.2,32.3,83,7.4
2022-07-10,61,27.4,31.8,79,9.4
2022-07-11,51,27.9,31.8,74,9.8
2022-07-12,61,27.6,31.2,75,11.7
2022-07-13,61,26.0,30.2,85,9.4
2022-07-14,61,27.6,32.5,80,8.4
2022-07-15,63,27.6,32.5,81,8.2
2022-07-16,55,27.7,33.3,84,7.9
2022-07-17,61,28.0,33.7,83,6.8
2022-07-18,63,28.8,34.2,79,9.3
2022-07-19,53,29.3,34.2,76,11.7
2022-07-20,63,28.0,32.8,79,9.6
2022-07-21,63,26.1,31.0,89,8.6
2022-07-22,61,27.4,32.5,84,9.3
2022-07-23,61,27.9,33.3,83,8.7
2022-07-24,65,27.2,33.5,88,4.2
2022-07-25,63,27.8,34.2,86,4.6
2022-07-26,53,28.8,35.3,80,4.4
2022-07-27,61,29.1,34.9,79,7.6
2022-07-28,51,28.2,33.9,83,8.6
2022-07-29,51,28.8,34.6,81,9.6
2022-07-30,61,28.8,34.7,79,6.6
2022-07-31,63,28.1,33.8,82,6.7
2022-08-01,65,26.7,32.3,89,6.8
2022-08-02,61,26.5,31.5,89,10.1
2022-08-03,53,27.7,32.3,83,12.3
2022-08-04,63,27.6,33.3,84,6.5
2022-08-05,61,27.4,32.4,83,9.2
2022-08-06,51,28.2,33.1,80,10.5
2022-08-07,63,27.5,32.0,82,11.0
2022-08-08,63,26.3,31.5,88,6.9
2022-08-09,63,25.8,30.8,87,5.6
2022-08-10,53,27.4,31.8,80,10.3
2022-08-11,63,27.3,31.8,82,11.1
2022-08-12,63,26.9,31.6,85,10.5
2022-08-13,51,27.5,33.0,83,7.4
2022-08-14,53,28.2,33.8,80,6.9
2022-08-15,65,27.6,32.8,84,9.3
2022-08-16,61,26.8,31.7,86,9.5
2022-08-17,63,27.7,32.4,81,10.9
2022-08-18,53,27.8,33.1,82,8.5
2022-08-19,65,27.6,33.2,85,8.1
2022-08-20,55,27.2,32.0,85,10.2
2022-08-21,65,27.5,32.8,84,8.5
2022-08-22,51,27.8,33.3,84,9.3
2022-08-23,51,28.2,33.9,80,7.1
2022-08-24,3,28.8,34.2,78,8.8
2022-08-25,65,27.1,32.2,85,8.5
2022-08-26,61,26.9,31.5,88,12.7
2022-08-27,51,27.3,32.4,86,10.5
2022-08-28,53,28.1,34.7,85,4.6
2022-08-29,63,26.6,32.2,89,6.5
2022-08-30,61,27.5,34.0,86,4.5
2022-08-31,51,28.3,34.7,84,5.8
2022-09-01,53,28.3,34.9,84,4.8
2022-09-02,63,28.4,35.0,83,4.0
2022-09-03,63,28.2,34.8,87,5.8
2022-09-04,65,28.1,34.4,85,5.9
2022-09-05,63,27.2,32.6,85,6.9
2022-09-06,63,27.2,32.6,84,6.1
2022-09-07,63,25.8,30.9,91,7.0
2022-09-08,63,25.2,30.1,91,6.7
2022-09-09,63,26.6,32.1,87,6.1
2022-09-10,65,26.6,32.2,86,5.8
2022-09-11,63,27.5,32.9,82,6.9
2022-09-12,63,26.9,32.4,85,6.0
2022-09-13,63,27.0,33.1,87,4.2
2022-09-14,63,27.1,33.1,86,5.5
2022-09-15,63,27.3,32.9,85,7.5
2022-09-16,63,27.5,32.7,82,9.0
2022-09-17,63,27.5,32.7,82,8.0
2022-09-18,63,27.0,32.2,86,8.1
2022-09-19,65,26.5,31.1,84,8.9
2022-09-20,51,27.3,30.8,74,11.2
2022-09-21,65,27.1,31.4,77,8.5
2022-09-22,65,26.3,31.6,87,6.1
2022-09-23,63,25.9,31.3,89,5.0
2022-09-24,63,26.0,31.4,88,4.7
2022-09-25,63,25.8,31.3,90,4.7
2022-09-26,63,25.5,30.7,89,5.0
2022-09-27,65,25.8,30.9,90,6.7
2022-09-28,51,26.7,30.5,82,12.8
2022-09-29,61,26.0,30.2,88,12.2
2022-09-30,65,27.1,32.0,85,10.1
2022-10-01,63,27.4,32.4,84,9.9
2022-10-02,61,27.4,33.1,85,4.7
2022-10-03,63,25.6,30.4,89,7.2
2022-10-04,63,25.8,30.5,88,8.3
2022-10-05,63,26.2,31.5,90,6.6
2022-10-06,63,25.7,30.8,89,6.2
2022-10-07,65,26.1,31.4,87,5.8
2022-10-08,63,26.4,31.6,85,5.5
2022-10-09,65,26.3,31.6,88,5.8
2022-10-10,65,25.5,30.2,89,7.2
2022-10-11,65,25.6,30.2,86,6.8
2022-10-12,51,26.8,31.9,81,5.6
2022-10-13,51,27.6,32.2,75,6.6
2022-10-14,3,27.0,30.9,73,6.3
2022-10-15,3,25.1,27.5,72,9.0
2022-10-16,53,22.8,24.6,79,11.4
2022-10-17,51,25.4,28.4,76,9.0
2022-10-18,3,26.0,28.9,70,8.3
2022-10-19,3,26.2,28.9,68,8.8
2022-10-20,3,26.2,29.2,72,8.9
2022-10-21,51,26.0,29.9,79,7.0
2022-10-22,65,26.2,31.4,87,5.9
2022-10-23,63,26.7,31.6,83,6.7
2022-10-24,3,27.8,32.9,79,6.6
2022-10-25,3,28.4,33.1,73,7.2
2022-10-26,51,28.4,33.2,74,7.7
2022-10-27,61,26.9,31.7,84,8.6
2022-10-28,51,27.8,33.1,80,6.7
2022-10-29,3,27.4,30.9,70,8.5
2022-10-30,3,27.3,30.4,67,9.0
2022-10-31,3,27.3,30.9,69,6.7
2022-11-01,3,26.6,29.4,66,7.9
2022-11-02,3,26.4,28.9,64,6.7
2022-11-03,3,26.8,29.0,60,6.3
2022-11-04,1,26.5,27.2,52,9.1
2022-11-05,3,26.4,28.2,61,8.3
2022-11-06,61,27.5,31.0,69,6.6
2022-11-07,51,28.5,32.1,65,5.1
2022-11-08,3,28.8,31.3,56,7.4
2022-11-09,3,27.9,30.3,56,5.6
2022-11-10,3,28.6,30.8,56,8.7
2022-11-11,3,29.2,31.4,58,12.0
2022-11-12,3,29.6,32.3,59,10.9
2022-11-13,53,29.1,32.5,64,9.0
2022-11-14,63,26.5,31.2,84,7.2
2022-11-15,51,27.6,32.6,80,7.0
2022-11-16,61,27.3,32.1,81,7.9
2022-11-17,61,27.0,32.4,85,6.5
2022-11-18,63,27.2,32.8,84,4.3
2022-11-19,51,27.9,32.8,80,8.6
2022-11-20,63,26.8,30.8,79,8.9
2022-11-21,63,27.4,32.4,81,7.1
2022-11-22,3,28.5,32.7,72,8.3
2022-11-23,63,27.6,32.7,79,5.9
2022-11-24,63,25.4,30.0,90,8.1
2022-11-25,63,25.8,30.6,89,8.1
2022-11-26,63,25.8,30.8,90,6.7
2022-11-27,51,26.5,31.8,88,6.3
2022-11-28,63,27.4,33.2,84,4.6
2022-11-29,63,26.9,32.9,88,3.7
2022-11-30,63,26.8,32.7,88,5.3
2022-12-01,53,26.6,31.6,86,7.9
2022-12-02,51,27.2,31.4,80,10.3
2022-12-03,63,26.3,30.5,79,6.6
2022-12-04,3,26.8,30.6,78,9.8
2022-12-05,55,26.8,31.0,80,9.8
2022-12-06,3,27.0,30.3,73,10.8
2022-12-07,51,26.7,30.2,72,7.7
2022-12-08,3,26.9,31.3,77,5.8
2022-12-09,3,27.5,32.1,76,5.4
2022-12-10,51,27.3,31.6,74,5.6
2022-12-11,3,27.7,31.6,70,6.1
2022-12-12,3,26.8,29.4,67,8.7
2022-12-13,3,24.9,26.2,64,10.2
2022-12-14,3,23.0,23.6,63,9.1
2022-12-15,3,23.5,24.6,65,7.7
2022-12-16,2,24.9,26.8,67,8.1
2022-12-17,51,26.3,27.8,64,12.9
2022-12-18,3,22.9,22.3,53,11.4
2022-12-19,3,21.9,21.5,54,9.1
2022-12-20,3,23.2,23.5,58,8.8
2022-12-21,3,25.0,26.0,60,9.4
2022-12-22,3,25.6,28.1,66,5.5
2022-12-23,3,26.5,28.8,63,6.2
2022-12-24,3,25.6,26.0,53,10.3
2022-12-25,3,24.6,25.5,60,9.5
2022-12-26,3,24.3,25.6,63,7.0
2022-12-27,3,23.9,25.2,63,6.5
2022-12-28,3,24.9,26.4,63,6.4
2022-12-29,3,25.6,27.1,60,6.7
2022-12-30,3,25.1,26.1,61,9.7
2022-12-31,3,24.5,26.5,67,6.1
2023-01-01,3,23.8,24.9,62,7.5
2023-01-02,3,24.2,25.3,62,7.9
2023-01-03,3,25.7,27.1,60,8.2
2023-01-04,3,27.3,28.6,54,9.5
2023-01-05,3,26.4,28.1,59,7.8
2023-01-06,3,26.4,27.4,55,9.4
2023-01-07,3,25.1,25.4,50,7.2
2023-01-08,3,25.6,25.8,52,9.5
2023-01-09,3,27.4,28.3,52,9.5
2023-01-10,63,27.5,30.3,63,7.7
2023-01-11,51,26.0,28.8,74,10.2
2023-01-12,3,26.5,30.4,76,6.4
2023-01-13,51,26.8,31.2,79,7.2
2023-01-14,51,27.2,31.7,80,8.3
2023-01-15,1,27.3,30.3,67,7.6
2023-01-16,3,26.8,29.7,69,6.8
2023-01-17,3,27.9,30.5,65,8.0
2023-01-18,3,27.5,28.7,56,11.1
2023-01-19,3,26.4,27.3,52,7.7
2023-01-20,3,25.6,27.0,57,7.0
2023-01-21,3,25.8,26.6,56,8.6
2023-01-22,3,25.2,25.8,54,8.2
2023-01-23,3,26.6,27.1,51,8.7
2023-01-24,51,27.0,27.6,55,12.3
2023-01-25,3,24.6,24.3,49,10.4
2023-01-26,3,25.3,26.3,54,6.7
2023-01-27,3,26.5,27.2,52,9.0
2023-01-28,3,25.3,25.4,51,10.5
2023-01-29,3,23.5,23.2,52,9.7
2023-01-30,3,22.3,21.5,49,9.1
2023-01-31,3,24.1,24.4,49,5.6
2023-02-01,3,26.1,27.5,56,5.6
2023-02-02,3,28.1,30.2,57,6.3
2023-02-03,61,27.4,31.2,72,7.2
2023-02-04,61,28.1,32.7,75,6.0
2023-02-05,53,28.0,32.7,74,5.4
2023-02-06,51,28.2,32.7,75,7.3
2023-02-07,51,28.4,32.4,74,10.7
2023-02-08,51,28.7,33.2,74,8.9
2023-02-09,51,28.4,32.5,76,12.2
2023-02-10,51,28.6,32.5,74,11.3
2023-02-11,3,28.9,32.7,71,12.1
2023-02-12,51,28.9,33.0,74,12.0
2023-02-13,61,28.8,33.1,76,11.8
2023-02-14,51,29.1,33.9,75,10.2
2023-02-15,65,25.8,30.3,87,8.7
2023-02-16,51,25.8,29.1,79,9.3
2023-02-17,3,25.4,27.4,70,11.3
2023-02-18,3,25.8,28.0,69,11.2
2023-02-19,3,26.5,29.4,69,8.3
2023-02-20,3,26.9,29.3,65,10.0
2023-02-21,3,26.9,29.6,67,8.6
2023-02-22,3,26.7,28.8,63,8.8
2023-02-23,3,27.0,28.9,59,7.9
2023-02-24,3,27.2,29.3,60,8.0
2023-02-25,3,27.2,27.4,51,14.4
2023-02-26,3,25.2,25.5,55,12.3
2023-02-27,3,24.6,25.3,58,9.5
2023-02-28,3,25.9,27.1,55,8.2
2023-03-01,3,28.0,29.9,56,8.2
2023-03-02,2,28.8,31.4,58,7.9
2023-03-03,3,28.2,29.9,52,8.1
2023-03-04,2,27.4,28.5,52,9.6
2023-03-05,2,27.5,28.7,53,9.2
2023-03-06,3,28.2,29.3,51,9.3
2023-03-07,1,28.1,30.8,59,5.4
2023-03-08,1,28.8,32.3,64,5.6
2023-03-09,51,28.9,32.9,70,9.2
2023-03-10,53,28.7,33.2,72,6.8
2023-03-11,51,28.7,33.3,75,10.6
2023-03-12,53,28.6,33.1,76,10.3
2023-03-13,63,27.8,31.0,70,10.1
2023-03-14,3,27.6,30.0,61,8.1
2023-03-15,53,27.7,31.8,74,8.2
2023-03-16,51,28.1,32.2,74,10.4
2023-03-17,51,28.4,32.4,72,10.4
2023-03-18,51,28.6,32.9,72,10.1
2023-03-19,51,29.0,33.1,73,12.2
2023-03-20,51,29.2,33.8,74,11.9
2023-03-21,3,29.5,34.1,76,14.3
2023-03-22,51,29.8,34.5,74,12.9
2023-03-23,1,30.0,34.6,74,14.1
2023-03-24,3,30.1,35.3,75,11.4
2023-03-25,51,29.9,35.0,77,13.7
2023-03-26,51,30.1,35.0,75,13.9
2023-03-27,3,29.9,34.5,73,13.9
2023-03-28,63,29.6,33.8,73,16.1
2023-03-29,3,29.6,33.7,70,12.1
2023-03-30,53,29.6,34.2,74,12.4
2023-03-31,2,30.4,34.7,70,14.3
2023-04-01,53,30.0,34.1,73,16.1
2023-04-02,51,30.1,34.5,71,12.6
2023-04-03,2,30.9,34.9,63,10.8
2023-04-04,3,31.3,35.2,62,10.7
2023-04-05,3,30.9,34.5,61,10.9
2023-04-06,3,31.3,36.0,65,8.8
2023-04-07,51,30.8,35.6,71,12.2
2023-04-08,53,30.8,35.9,72,12.1
2023-04-09,53,31.2,36.4,69,10.1
2023-04-10,3,31.2,36.2,70,12.8
2023-04-11,65,30.9,36.5,74,11.3
2023-04-12,3,31.6,37.1,73,13.8
2023-04-13,3,31.6,36.8,68,10.6
2023-04-14,55,31.9,37.2,68,11.0
2023-04-15,63,31.8,38.3,73,9.5
2023-04-16,55,29.9,35.9,78,9.0
2023-04-17,63,30.2,36.2,78,9.5
2023-04-18,3,30.8,36.4,74,12.4
2023-04-19,3,31.8,37.3,70,11.2
2023-04-20,3,31.7,35.8,63,12.1
2023-04-21,0,32.0,36.0,61,11.9
2023-04-22,1,32.1,36.8,63,10.3
2023-04-23,55,31.5,36.2,69,15.3
2023-04-24,51,31.7,36.9,65,8.6
2023-04-25,65,31.5,37.4,69,7.5
2023-04-26,65,27.8,33.4,84,7.1
2023-04-27,63,28.9,35.5,82,4.5
2023-04-28,53,29.8,36.1,78,7.0
2023-04-29,51,30.3,36.5,78,10.3
2023-04-30,65,29.0,34.8,82,9.8
2023-05-01,53,29.2,35.4,80,6.9
2023-05-02,53,29.9,36.4,79,7.2
2023-05-03,3,30.0,36.2,77,8.0
2023-05-04,3,30.7,36.3,76,12.7
2023-05-05,51,32.0,37.8,70,10.9
2023-05-06,51,33.1,38.2,62,10.7
2023-05-07,51,33.2,38.0,62,12.4
2023-05-08,63,32.3,38.4,70,10.1
2023-05-09,61,31.6,36.6,66,9.3
2023-05-10,63,28.6,34.1,81,8.4
2023-05-11,65,29.6,35.6,79,7.3
2023-05-12,63,29.4,35.1,78,9.2
2023-05-13,51,29.4,34.4,74,9.9
2023-05-14,3,30.7,34.9,68,15.3
2023-05-15,53,30.4,35.5,71,11.0
2023-05-16,51,30.3,35.4,70,8.1
2023-05-17,3,31.2,35.4,62,10.6
2023-05-18,61,32.2,35.8,59,14.4
2023-05-19,3,32.7,35.8,55,14.3
2023-05-20,3,32.3,35.8,56,12.8
2023-05-21,3,32.5,36.7,59,11.9
2023-05-22,51,31.8,36.5,64,9.9
2023-05-23,61,30.1,35.1,71,9.1
2023-05-24,63,30.3,35.7,73,8.7
2023-05-25,51,31.1,36.2,69,9.8
2023-05-26,51,32.5,36.5,58,10.2
2023-05-27,61,32.1,36.2,60,11.8
2023-05-28,63,29.6,35.0,74,6.4
2023-05-29,63,28.0,33.9,82,4.9
2023-05-30,63,28.7,35.3,83,5.2
2023-05-31,65,29.2,35.3,79,7.5
2023-06-01,51,29.7,34.6,75,11.6
2023-06-02,53,29.4,34.6,77,11.2
2023-06-03,63,29.4,35.1,78,9.7
2023-06-04,53,29.8,35.3,76,10.3
2023-06-05,61,29.8,34.8,72,10.3
2023-06-06,63,28.9,33.6,76,12.0
2023-06-07,63,29.2,33.8,76,11.7
2023-06-08,63,28.5,33.3,78,11.4
2023-06-09,63,27.8,33.1,84,9.3
2023-06-10,65,27.8,33.1,85,9.6
2023-06-11,63,28.2,33.0,82,12.3
2023-06-12,63,28.4,33.2,80,12.3
2023-06-13,61,28.4,33.1,82,14.4
2023-06-14,63,28.3,33.2,81,11.2
2023-06-15,63,28.3,33.8,82,9.0
2023-06-16,61,28.8,34.4,81,10.1
2023-06-17,63,28.7,34.3,81,9.9
2023-06-18,63,27.8,32.8,83,9.7
2023-06-19,61,27.8,33.3,83,7.4
2023-06-20,63,28.7,34.4,81,8.8
2023-06-21,51,29.1,35.0,78,7.0
2023-06-22,3,29.1,34.9,80,7.7
2023-06-23,65,30.3,35.6,72,9.5
2023-06-24,51,29.3,34.0,75,11.8
2023-06-25,53,29.0,33.6,74,10.8
2023-06-26,55,29.0,33.0,70,11.0
2023-06-27,63,29.1,34.1,75,8.9
2023-06-28,63,28.9,34.7,79,6.6
2023-06-29,55,28.6,34.3,81,8.2
2023-06-30,61,29.1,34.9,80,8.1
2023-07-01,65,28.9,34.8,82,9.2
2023-07-02,63,28.8,34.3,81,10.3
2023-07-03,53,28.8,33.6,77,11.0
2023-07-04,61,28.4,34.0,81,7.1
2023-07-05,51,27.7,33.2,80,4.0
2023-07-06,61,28.7,34.4,78,5.8
2023-07-07,63,29.8,35.7,76,7.8
2023-07-08,61,28.9,34.9,83,9.9
2023-07-09,63,27.9,33.2,85,10.8
2023-07-10,63,27.3,32.3,84,10.4
2023-07-11,55,28.0,33.3,83,9.2
2023-07-12,61,28.7,34.9,81,5.6
2023-07-13,61,29.5,35.0,77,10.2
2023-07-14,63,28.7,33.3,76,11.3
2023-07-15,53,29.0,33.3,72,10.8
2023-07-16,51,29.5,32.8,69,14.9
2023-07-17,55,28.6,32.0,72,15.0
2023-07-18,63,28.5,32.7,76,12.2
2023-07-19,51,28.9,32.2,69,13.9
2023-07-20,65,28.3,33.1,76,7.4
2023-07-21,65,27.9,33.4,83,8.6
2023-07-22,65,27.2,32.8,86,6.7
2023-07-23,65,26.9,32.9,89,5.2
2023-07-24,63,27.3,32.8,85,6.6
2023-07-25,63,28.2,33.3,80,10.2
2023-07-26,51,28.5,32.9,77,12.5
2023-07-27,65,29.0,32.7,72,14.5
2023-07-28,53,29.4,32.8,70,14.9
2023-07-29,61,28.6,32.9,75,11.8
2023-07-30,53,28.8,33.1,76,12.3
2023-07-31,61,28.6,33.0,79,13.9
2023-08-01,63,29.0,33.6,78,12.5
2023-08-02,63,27.8,33.0,83,9.4
2023-08-03,63,28.0,33.2,83,9.7
2023-08-04,61,28.4,33.2,78,10.2
2023-08-05,61,28.6,33.2,76,10.5
2023-08-06,61,28.4,33.0,76,9.9
2023-08-07,61,28.6,32.8,73,10.5
2023-08-08,63,28.4,32.9,77,11.0
2023-08-09,63,28.1,32.9,79,9.8
2023-08-10,61,28.6,33.9,79,9.5
2023-08-11,53,29.1,33.9,76,11.5
2023-08-12,61,28.8,33.9,78,9.8
2023-08-13,63,28.9,34.1,78,10.2
2023-08-14,63,29.0,34.1,77,10.2
2023-08-15,63,28.7,33.3,75,10.8
2023-08-16,63,28.4,33.3,78,9.2
2023-08-17,63,28.4,33.5,78,9.0
2023-08-18,63,29.0,33.6,75,11.8
2023-08-19,65,29.5,33.8,71,12.7
2023-08-20,63,28.9,34.0,77,10.4
2023-08-21,61,27.6,33.0,86,9.4
2023-08-22,63,27.7,33.2,84,6.9
2023-08-23,65,27.8,33.4,85,8.0
2023-08-24,63,27.9,33.2,82,8.6
2023-08-25,63,27.7,32.9,82,8.5
2023-08-26,61,28.0,33.2,82,9.0
2023-08-27,53,28.6,33.1,75,10.4
2023-08-28,51,28.8,33.5,76,10.1
2023-08-29,63,28.3,33.2,78,8.7
2023-08-30,63,28.7,34.6,81,7.8
2023-08-31,63,28.4,34.5,82,5.7
2023-09-01,63,28.0,34.1,86,7.2
2023-09-02,63,28.0,33.9,83,6.7
2023-09-03,61,28.6,34.0,80,9.4
2023-09-04,63,28.7,34.6,82,7.8
2023-09-05,65,28.7,33.2,76,11.5
2023-09-06,53,28.2,33.6,80,7.4
2023-09-07,53,28.1,33.6,83,8.1
2023-09-08,61,27.9,33.3,84,8.9
2023-09-09,65,28.2,33.6,82,9.0
2023-09-10,61,28.0,32.7,81,11.7
2023-09-11,63,27.9,32.7,82,12.4
2023-09-12,63,27.6,32.2,83,12.3
2023-09-13,61,27.7,32.5,82,9.6
2023-09-14,63,27.1,32.3,85,8.2
2023-09-15,65,26.9,31.8,86,10.3
2023-09-16,65,27.3,32.5,84,8.9
2023-09-17,61,27.3,32.6,86,8.7
2023-09-18,53,27.8,33.3,83,7.5
2023-09-19,61,28.5,34.4,81,5.3
2023-09-20,51,28.7,34.4,80,7.6
2023-09-21,65,28.0,33.9,83,6.2
2023-09-22,61,27.9,34.0,83,5.6
2023-09-23,61,28.2,34.4,85,6.1
2023-09-24,65,28.2,35.0,86,3.9
2023-09-25,63,28.9,35.6,82,4.3
2023-09-26,61,27.3,33.0,87,6.9
2023-09-27,63,26.0,31.0,89,7.6
2023-09-28,63,26.8,31.2,87,13.4
2023-09-29,55,27.5,31.9,83,14.0
2023-09-30,63,27.2,32.8,86,6.5
2023-10-01,63,27.8,33.5,83,7.0
2023-10-02,63,27.6,32.9,83,8.5
2023-10-03,63,27.8,33.1,83,8.5
2023-10-04,63,27.1,32.8,87,6.7
2023-10-05,63,27.0,33.1,89,5.1
2023-10-06,63,26.8,32.9,90,5.4
2023-10-07,63,27.5,33.0,85,8.5
2023-10-08,63,27.5,33.3,86,6.2
2023-10-09,63,27.7,33.2,82,5.4
2023-10-10,63,26.8,32.7,88,5.0
2023-10-11,63,27.0,32.4,87,8.4
2023-10-12,61,27.6,33.7,87,6.8
2023-10-13,51,28.5,34.2,82,8.1
2023-10-14,63,28.7,34.2,79,6.9
2023-10-15,55,28.1,33.9,82,6.4
2023-10-16,51,28.0,33.2,80,7.5
2023-10-17,51,28.6,33.7,76,7.1
2023-10-18,51,28.5,34.1,78,4.9
2023-10-19,53,28.1,34.1,82,4.6
2023-10-20,51,28.3,34.3,82,5.7
2023-10-21,65,27.1,32.9,87,5.6
2023-10-22,63,26.5,31.8,88,5.9
2023-10-23,3,28.1,33.4,79,6.4
2023-10-24,65,28.2,33.5,79,6.7
2023-10-25,63,27.0,32.5,85,6.1
2023-10-26,63,27.5,33.4,86,6.1
2023-10-27,61,27.7,33.5,85,6.0
2023-10-28,61,27.8,34.2,85,4.4
2023-10-29,61,27.1,32.8,87,7.2
2023-10-30,63,26.7,32.1,89,7.7
2023-10-31,61,27.0,31.7,83,9.4
2023-11-01,3,27.5,32.4,80,8.4
2023-11-02,61,27.4,32.5,80,5.4
2023-11-03,3,28.8,34.3,76,5.4
2023-11-04,53,28.4,34.6,83,4.9
2023-11-05,63,27.3,33.3,86,5.3
2023-11-06,61,27.8,33.2,82,7.1
2023-11-07,65,27.4,33.0,84,5.8
2023-11-08,51,27.9,33.5,82,6.1
2023-11-09,63,27.3,33.2,87,5.0
2023-11-10,63,27.3,33.4,88,5.0
2023-11-11,55,27.0,32.6,88,6.8
2023-11-12,61,27.1,32.4,86,8.2
2023-11-13,63,27.2,32.7,86,8.2
2023-11-14,53,28.1,33.3,81,9.8
2023-11-15,55,27.6,32.6,80,7.5
2023-11-16,63,27.2,32.2,83,8.0
2023-11-17,51,25.7,27.4,68,13.0
2023-11-18,3,23.7,25.3,68,9.1
2023-11-19,3,23.2,24.9,71,8.4
2023-11-20,3,23.8,25.7,70,8.3
2023-11-21,3,25.0,27.4,71,8.7
2023-11-22,3,26.0,29.5,74,7.3
2023-11-23,3,26.8,29.9,70,8.2
2023-11-24,3,26.8,30.0,71,9.5
2023-11-25,3,26.5,29.6,70,7.9
2023-11-26,51,27.2,30.4,70,8.9
2023-11-27,3,27.1,31.2,77,8.8
2023-11-28,3,25.8,28.6,70,7.3
2023-11-29,3,26.2,28.7,69,9.8
2023-11-30,3,27.6,30.6,68,10.5
2023-12-01,63,27.7,31.8,74,8.2
2023-12-02,61,27.3,31.7,79,8.8
2023-12-03,53,27.8,32.1,76,8.5
2023-12-04,51,27.9,32.1,75,8.7
2023-12-05,63,27.8,32.9,79,5.7
2023-12-06,63,28.4,33.0,75,7.2
2023-12-07,55,27.1,31.0,77,9.8
2023-12-08,3,27.3,31.4,74,6.3
2023-12-09,3,28.0,32.6,73,4.9
2023-12-10,3,28.3,32.9,73,5.2
2023-12-11,51,28.4,33.8,79,5.4
2023-12-12,51,28.9,33.6,72,5.8
2023-12-13,51,28.2,32.5,73,8.1
2023-12-14,51,28.8,32.1,64,7.7
2023-12-15,3,29.5,33.2,62,6.1
2023-12-16,51,29.5,33.1,62,7.0
2023-12-17,51,29.3,32.3,63,10.4
2023-12-18,51,28.2,30.9,61,9.1
2023-12-19,3,28.5,31.7,64,8.0
2023-12-20,3,28.4,31.8,65,7.2
2023-12-21,3,26.8,27.9,57,11.8
2023-12-22,3,23.6,23.7,57,11.0
2023-12-23,3,22.4,22.1,57,10.5
2023-12-24,3,22.7,22.3,56,10.1
2023-12-25,3,23.6,24.0,57,7.6
2023-12-26,51,23.8,24.8,63,7.9
2023-12-27,3,25.6,27.3,62,8.0
2023-12-28,1,26.7,28.3,60,10.2
2023-12-29,3,27.2,29.5,63,9.0
2023-12-30,3,28.0,30.6,61,8.4
2023-12-31,3,28.5,31.4,62,8.2
2024-01-01,3,28.9,31.8,61,8.5
2024-01-02,3,28.5,31.9,64,6.4
2024-01-03,3,28.5,30.9,58,7.5
2024-01-04,3,27.5,29.4,60,9.9
2024-01-05,3,27.9,30.2,61,8.9
2024-01-06,3,27.7,29.9,60,8.9
2024-01-07,3,27.7,30.2,61,7.9
2024-01-08,2,27.8,30.8,63,6.9
2024-01-09,2,28.4,32.8,70,4.6
2024-01-10,3,28.5,33.2,73,6.0
2024-01-11,3,28.8,33.6,75,7.3
2024-01-12,53,28.4,33.2,77,8.8
2024-01-13,51,28.5,33.4,76,7.3
2024-01-14,51,28.0,31.5,69,8.5
2024-01-15,3,27.8,30.6,63,7.7
2024-01-16,2,27.5,30.1,64,7.9
2024-01-17,3,27.4,29.4,60,9.5
2024-01-18,3,27.5,30.5,65,6.9
2024-01-19,3,28.3,32.1,66,4.2
2024-01-20,3,27.9,32.0,73,6.4
2024-01-21,3,28.0,32.2,73,6.7
2024-01-22,3,28.0,31.8,68,4.8
2024-01-23,63,27.5,31.4,76,9.6
2024-01-24,51,26.0,27.9,67,11.0
2024-01-25,51,25.5,26.6,64,12.7
2024-01-26,51,25.8,27.0,59,10.2
2024-01-27,3,27.5,29.2,59,10.7
2024-01-28,3,28.3,30.4,59,9.7
2024-01-29,3,28.1,30.5,61,8.9
2024-01-30,3,27.6,31.1,66,5.2
2024-01-31,3,27.7,31.3,68,6.6
2024-02-01,51,28.2,32.8,77,8.8
2024-02-02,51,28.4,33.3,78,9.0
2024-02-03,51,28.8,33.9,79,10.3
2024-02-04,2,29.4,34.2,73,8.7
2024-02-05,3,29.3,34.4,76,9.5
2024-02-06,51,29.5,34.7,76,8.6
2024-02-07,1,29.1,34.3,79,10.3
2024-02-08,3,29.2,33.9,76,10.9
2024-02-09,3,29.1,33.6,76,12.4
2024-02-10,53,29.0,33.3,73,9.5
2024-02-11,3,27.9,30.3,62,10.0
2024-02-12,3,27.1,28.1,55,10.1
2024-02-13,1,27.5,28.9,54,9.3
2024-02-14,3,28.5,31.2,59,6.6
2024-02-15,3,29.4,34.4,71,5.3
2024-02-16,51,29.4,34.9,76,8.2
2024-02-17,61,28.5,33.2,78,11.6
2024-02-18,51,28.6,32.3,73,14.0
2024-02-19,3,28.7,32.6,74,13.5
2024-02-20,3,29.7,33.4,69,14.6
2024-02-21,51,29.6,33.4,72,16.1
2024-02-22,51,29.4,33.7,74,14.9
2024-02-23,51,29.4,33.8,74,13.3
2024-02-24,51,29.4,34.0,73,11.4
2024-02-25,63,29.3,33.8,73,10.8
2024-02-26,51,30.0,34.8,71,8.5
2024-02-27,55,29.4,34.3,73,8.1
2024-02-28,51,29.1,33.9,75,10.0
2024-02-29,61,29.1,33.7,76,12.8
2024-03-01,51,30.0,34.4,69,11.0
2024-03-02,61,28.6,33.5,78,10.1
2024-03-03,53,29.2,34.4,76,9.7
2024-03-04,55,29.5,34.5,78,12.8
2024-03-05,3,30.4,35.3,72,11.5
2024-03-06,3,29.9,35.1,77,12.9
2024-03-07,3,30.4,35.5,73,10.7
2024-03-08,3,30.4,34.5,70,14.9
2024-03-09,53,29.9,34.2,72,14.5
2024-03-10,51,29.8,34.5,73,12.1
2024-03-11,61,29.8,34.6,75,12.9
2024-03-12,61,28.9,33.9,78,12.5
2024-03-13,61,29.3,34.2,75,11.6
2024-03-14,51,29.9,34.3,71,13.0
2024-03-15,2,30.0,34.8,74,13.7
2024-03-16,61,29.8,34.1,74,16.1
2024-03-17,3,30.2,34.3,68,13.1
2024-03-18,3,29.8,34.4,74,13.2
2024-03-19,51,29.6,34.0,74,14.1
2024-03-20,65,26.1,30.9,88,7.7
2024-03-21,51,27.5,32.5,79,5.6
2024-03-22,51,28.4,33.3,75,8.8
2024-03-23,53,29.2,34.0,79,15.4
2024-03-24,55,29.4,34.8,78,11.8
2024-03-25,3,29.7,35.2,79,12.3
2024-03-26,61,29.7,35.1,78,11.4
2024-03-27,61,28.8,34.2,80,10.1
2024-03-28,3,29.9,35.4,77,10.4
2024-03-29,3,30.3,35.5,75,12.7
2024-03-30,51,30.7,35.5,72,13.3
2024-03-31,51,31.0,35.9,71,13.8
2024-04-01,0,31.9,36.6,65,10.7
2024-04-02,0,31.2,36.3,72,14.5
2024-04-03,3,31.1,36.3,74,15.0
2024-04-04,3,31.3,36.8,73,12.7
2024-04-05,51,31.0,36.5,77,15.8
2024-04-06,3,31.1,36.4,76,16.5
2024-04-07,3,31.3,36.2,71,15.8
2024-04-08,3,31.8,36.3,67,14.8
2024-04-09,3,31.8,37.3,71,12.9
2024-04-10,51,31.6,37.3,71,10.6
2024-04-11,53,30.9,36.8,74,9.8
2024-04-12,51,31.2,36.8,72,11.7
2024-04-13,55,31.4,36.8,72,12.7
2024-04-14,51,31.4,36.5,71,14.8
2024-04-15,3,31.4,36.3,70,15.4
2024-04-16,3,31.3,36.0,69,14.7
2024-04-17,3,31.6,36.3,68,14.4
2024-04-18,53,32.0,37.0,68,14.3
2024-04-19,2,32.1,37.1,66,13.1
2024-04-20,3,32.4,37.4,65,12.0
2024-04-21,3,33.0,37.6,61,11.3
2024-04-22,3,32.5,37.4,67,15.5
2024-04-23,3,32.2,37.4,70,16.1
2024-04-24,53,31.8,37.0,72,16.3
2024-04-25,3,32.0,37.0,69,14.2
2024-04-26,3,32.0,37.2,70,15.8
2024-04-27,3,32.6,38.3,71,15.3
2024-04-28,1,32.6,38.0,70,17.2
2024-04-29,3,32.7,38.1,70,16.6
2024-04-30,3,33.0,38.2,66,14.7
2024-05-01,3,33.2,38.0,63,14.2
2024-05-02,3,32.8,37.9,67,16.1
2024-05-03,3,33.1,38.3,66,13.9
2024-05-04,63,32.5,38.3,70,13.2
2024-05-05,51,32.9,38.6,67,11.9
2024-05-06,61,32.3,38.0,71,14.8
2024-05-07,65,28.7,34.4,85,10.9
2024-05-08,53,30.2,35.8,72,6.0
2024-05-09,65,30.3,36.6,77,6.7
2024-05-10,51,30.1,36.1,77,8.2
2024-05-11,63,28.5,34.8,83,4.6
2024-05-12,53,30.9,37.5,74,5.4
2024-05-13,65,29.3,35.6,83,8.4
2024-05-14,3,29.7,36.1,78,5.7
2024-05-15,55,30.7,36.9,73,5.9
2024-05-16,51,30.0,36.8,81,7.0
2024-05-17,55,29.6,35.9,82,9.1
2024-05-18,53,30.3,36.7,80,9.0
2024-05-19,63,29.5,35.7,82,9.4
2024-05-20,61,29.5,36.3,84,6.7
2024-05-21,65,28.8,35.3,85,6.1
2024-05-22,61,28.2,34.2,85,7.3
2024-05-23,63,28.0,33.5,87,11.0
2024-05-24,63,28.2,33.5,84,11.6
2024-05-25,61,29.1,35.2,83,10.1
2024-05-26,53,29.5,35.3,81,11.1
2024-05-27,51,30.5,36.6,77,10.3
2024-05-28,51,30.2,36.0,76,9.5
2024-05-29,63,30.0,35.9,78,9.0
2024-05-30,63,29.2,35.3,80,7.7
2024-05-31,63,28.6,34.8,85,7.7
2024-06-01,63,28.3,33.9,86,10.8
2024-06-02,53,29.6,35.2,76,8.0
2024-06-03,51,29.5,34.5,75,9.0
2024-06-04,55,29.2,34.8,77,8.5
2024-06-05,61,29.7,35.5,79,10.7
2024-06-06,53,29.3,34.5,77,10.4
2024-06-07,63,29.2,34.6,78,9.5
2024-06-08,53,29.3,34.3,76,10.9
2024-06-09,65,28.7,33.6,78,10.8
2024-06-10,53,28.5,33.3,80,12.4
2024-06-11,61,28.6,33.2,79,13.8
2024-06-12,53,29.0,34.6,80,9.9
2024-06-13,51,29.5,34.8,77,10.1
2024-06-14,53,29.9,35.9,78,9.6
2024-06-15,51,29.8,35.5,75,8.8
2024-06-16,61,30.1,35.4,73,10.0
2024-06-17,61,29.1,34.8,80,8.6
2024-06-18,51,29.7,35.1,75,8.8
2024-06-19,63,29.6,34.9,76,9.8
2024-06-20,63,29.5,34.5,75,9.9
2024-06-21,63,28.8,34.1,79,9.6
2024-06-22,65,28.5,33.4,78,10.1
2024-06-23,63,28.2,32.7,77,10.4
2024-06-24,61,28.2,33.0,81,10.9
2024-06-25,63,28.0,32.8,82,11.7
2024-06-26,63,27.6,32.6,85,11.3
2024-06-27,55,28.7,33.8,79,9.0
2024-06-28,63,29.1,35.2,80,6.9
2024-06-29,63,28.4,33.9,83,10.0
2024-06-30,63,28.2,34.0,82,7.3
2024-07-01,53,27.9,33.2,82,7.5
2024-07-02,63,28.5,33.9,78,6.9
2024-07-03,55,28.9,34.6,80,8.7
2024-07-04,63,27.3,32.6,86,8.3
2024-07-05,63,27.4,32.9,85,8.2
2024-07-06,63,28.0,33.6,82,7.0
2024-07-07,53,28.8,34.4,77,7.3
2024-07-08,51,28.6,34.6,82,8.3
2024-07-09,63,28.1,33.7,81,6.0
2024-07-10,65,27.5,32.9,86,8.6
2024-07-11,63,27.2,32.7,86,6.1
2024-07-12,63,27.4,32.3,82,8.9
2024-07-13,63,28.3,32.6,78,11.9
2024-07-14,65,28.1,33.1,80,9.3
2024-07-15,63,27.0,32.2,87,8.2
2024-07-16,65,26.8,31.7,87,9.6
2024-07-17,65,27.6,32.6,82,9.7
2024-07-18,55,27.5,32.8,85,9.4
2024-07-19,55,27.9,33.2,85,10.3
2024-07-20,63,27.6,32.9,86,9.5
2024-07-21,65,27.9,33.5,85,8.6
2024-07-22,63,28.0,33.3,83,8.4
2024-07-23,63,27.8,33.0,83,9.7
2024-07-24,53,27.6,32.2,84,13.2
2024-07-25,53,27.3,32.1,85,11.3
2024-07-26,63,27.3,32.6,87,9.7
2024-07-27,63,27.6,33.1,86,10.5
2024-07-28,65,27.1,32.1,87,10.2
2024-07-29,63,27.2,32.4,87,10.5
2024-07-30,51,27.8,32.9,84,10.1
2024-07-31,53,27.9,33.1,85,10.8
2024-08-01,63,27.8,33.1,85,9.1
2024-08-02,63,27.8,33.8,85,6.1
2024-08-03,61,27.6,33.3,84,5.8
2024-08-04,61,27.5,33.2,84,7.2
2024-08-05,61,27.5,33.1,83,6.3
2024-08-06,63,27.8,33.4,83,7.8
2024-08-07,61,27.4,33.4,85,5.1
2024-08-08,3,28.2,34.2,83,5.8
2024-08-09,51,29.6,35.4,78,8.5
2024-08-10,63,29.3,34.9,78,10.2
2024-08-11,63,29.5,34.7,78,12.0
2024-08-12,63,28.5,34.2,81,7.3
2024-08-13,53,28.6,34.6,83,8.3
2024-08-14,63,28.9,35.1,81,6.6
2024-08-15,53,29.4,35.5,79,7.4
2024-08-16,63,29.3,35.4,79,7.6
2024-08-17,53,28.8,34.3,79,8.7
2024-08-18,51,29.2,35.4,79,6.9
2024-08-19,61,29.1,35.1,78,6.9
2024-08-20,63,28.5,34.5,82,6.2
2024-08-21,63,28.7,34.7,81,5.6
2024-08-22,51,29.5,35.0,76,8.5
2024-08-23,51,29.7,35.5,75,6.5
2024-08-24,61,28.9,34.8,80,7.0
2024-08-25,63,28.0,33.6,81,6.0
2024-08-26,53,28.9,34.3,76,6.9
2024-08-27,51,28.2,33.7,79,6.8
2024-08-28,63,27.4,33.0,85,6.3
2024-08-29,63,27.4,32.7,84,8.3
2024-08-30,63,28.3,33.4,79,8.9
2024-08-31,51,28.2,33.1,78,8.7
2024-09-01,65,27.9,32.8,79,9.3
2024-09-02,63,27.1,32.7,87,6.4
2024-09-03,63,26.8,32.3,88,7.0
2024-09-04,63,27.3,32.7,85,7.6
2024-09-05,65,28.1,33.0,79,9.9
2024-09-06,65,28.0,32.8,80,10.7
2024-09-07,51,28.7,33.2,76,12.0
2024-09-08,53,28.7,33.4,77,11.3
2024-09-09,61,28.1,33.0,81,10.4
2024-09-10,63,28.0,33.1,81,9.4
2024-09-11,63,27.9,33.4,84,7.9
2024-09-12,63,27.8,33.6,84,7.1
2024-09-13,61,28.0,33.7,84,7.3
2024-09-14,65,27.6,33.0,84,9.5
2024-09-15,65,27.4,32.3,83,10.9
2024-09-16,63,28.3,33.0,79,11.8
2024-09-17,63,28.4,33.3,79,12.1
2024-09-18,63,27.1,32.3,85,8.6
2024-09-19,63,27.3,32.9,85,5.3
2024-09-20,63,27.0,32.6,87,6.7
2024-09-21,63,27.3,33.0,87,7.3
2024-09-22,63,27.5,32.8,86,9.2
2024-09-23,53,28.0,33.7,84,7.5
2024-09-24,61,27.3,32.9,86,6.3
2024-09-25,63,27.3,33.2,86,5.0
2024-09-26,65,27.5,33.5,84,5.1
2024-09-27,63,27.5,33.8,87,5.2
2024-09-28,53,28.5,34.7,83,6.8
2024-09-29,55,29.1,35.2,81,7.8
2024-09-30,65,28.8,34.6,81,8.3
2024-10-01,63,27.7,33.6,84,5.9
2024-10-02,53,27.7,33.2,85,8.2
2024-10-03,63,26.5,31.6,87,8.3
2024-10-04,65,26.8,31.9,86,7.5
2024-10-05,51,28.0,33.4,80,7.1
2024-10-06,3,28.2,33.1,76,7.7
2024-10-07,51,28.6,33.8,76,6.9
2024-10-08,53,28.2,33.5,79,6.8
2024-10-09,63,27.3,33.0,85,5.8
2024-10-10,65,27.2,32.5,85,7.9
2024-10-11,3,28.0,33.6,81,6.0
2024-10-12,55,28.0,33.4,81,7.5
2024-10-13,55,27.6,33.5,85,6.7
2024-10-14,63,28.0,34.3,85,5.2
2024-10-15,3,28.8,34.7,79,5.0
2024-10-16,61,28.1,34.3,84,5.7
2024-10-17,51,28.4,34.3,80,4.6
2024-10-18,61,26.7,32.3,87,5.9
2024-10-19,63,26.1,31.3,89,6.6
2024-10-20,63,26.3,31.0,88,10.1
2024-10-21,61,27.5,33.6,85,4.5
2024-10-22,63,27.5,33.0,83,7.4
2024-10-23,63,26.6,32.0,86,6.2
2024-10-24,3,27.9,33.0,78,7.0
2024-10-25,51,28.1,33.4,80,7.3
2024-10-26,51,29.1,34.4,77,8.8
2024-10-27,65,28.8,34.3,79,9.7
2024-10-28,63,27.1,32.5,85,7.0
2024-10-29,63,27.3,32.8,82,4.6
2024-10-30,61,26.7,32.3,85,4.9
2024-10-31,53,27.7,33.3,81,4.9
2024-11-01,65,27.7,33.5,83,4.7
2024-11-02,53,27.9,31.9,75,9.7
2024-11-03,3,27.2,30.9,71,7.9
2024-11-04,51,27.5,31.5,74,8.5
2024-11-05,61,26.2,30.3,83,9.6
2024-11-06,51,26.6,30.7,81,8.9
2024-11-07,51,27.4,31.7,77,8.4
2024-11-08,51,27.3,31.6,77,8.0
2024-11-09,3,27.3,31.5,75,7.4
2024-11-10,3,27.3,30.8,69,7.8
2024-11-11,3,27.6,31.2,69,6.8
2024-11-12,3,28.6,32.2,65,7.3
2024-11-13,3,30.8,34.5,58,5.8
2024-11-14,63,30.1,35.1,67,4.9
2024-11-15,63,28.3,34.3,80,3.3
2024-11-16,53,29.8,36.1,74,2.3
2024-11-17,65,28.4,33.9,79,4.6
2024-11-18,51,28.2,32.7,73,6.6
2024-11-19,3,28.8,32.7,66,5.6
2024-11-20,3,29.1,32.8,64,6.4
2024-11-21,51,29.3,33.2,62,5.2
2024-11-22,51,29.3,33.0,62,5.6
2024-11-23,51,29.4,33.0,62,6.6
2024-11-24,51,29.2,33.0,64,7.0
2024-11-25,51,29.5,33.7,66,6.9
2024-11-26,3,29.7,33.8,66,7.4
2024-11-27,51,29.4,33.2,65,7.8
2024-11-28,3,28.6,30.9,59,9.8
2024-11-29,3,27.0,28.7,56,7.4
2024-11-30,3,26.7,28.3,54,5.6
2024-12-01,3,27.6,29.2,52,6.2
2024-12-02,3,28.8,31.1,53,3.9
2024-12-03,3,30.1,32.4,50,6.0
2024-12-04,3,30.5,33.0,51,6.2
2024-12-05,3,30.6,33.1,50,5.1
2024-12-06,3,30.8,32.7,45,5.4
2024-12-07,53,30.5,33.7,55,5.9
2024-12-08,51,30.4,33.8,58,6.1
2024-12-09,3,29.3,31.8,54,6.3
2024-12-10,3,29.6,32.2,54,5.1
2024-12-11,3,30.0,32.2,53,9.2
2024-12-12,51,30.4,33.4,55,7.4
2024-12-13,63,27.9,31.8,71,6.9
2024-12-14,3,27.6,30.5,66,8.1
2024-12-15,3,26.4,27.8,57,7.7
2024-12-16,3,27.1,28.4,50,6.0
2024-12-17,2,27.3,28.9,52,5.1
2024-12-18,3,27.8,29.3,52,7.9
2024-12-19,3,27.6,28.8,51,7.9
2024-12-20,3,26.6,27.6,48,4.8
2024-12-21,3,26.7,27.8,50,5.6
2024-12-22,3,26.1,26.4,48,7.6
2024-12-23,3,25.8,26.0,47,6.4
2024-12-24,3,27.5,28.6,50,6.8
2024-12-25,3,27.9,29.0,49,7.0
2024-12-26,3,28.5,29.7,48,7.7
2024-12-27,51,30.1,32.7,54,7.5
2024-12-28,3,28.9,30.9,55,10.1
2024-12-29,3,27.4,29.0,53,6.4
2024-12-30,3,27.2,29.4,56,4.3
2024-12-31,3,27.0,28.6,52,3.7
2025-01-01,3,27.9,29.2,48,4.6
2025-01-02,2,27.9,29.2,48,4.8
2025-01-03,3,28.2,29.2,48,7.0
2025-01-04,3,28.1,29.5,48,4.8
2025-01-05,3,27.4,27.5,42,7.0
2025-01-06,3,26.7,27.1,42,3.4
2025-01-07,3,27.5,28.1,43,3.6
2025-01-08,3,28.6,29.9,45,4.0
2025-01-09,3,29.1,30.0,45,7.3
2025-01-10,3,27.6,28.7,51,8.8
2025-01-11,3,26.0,25.7,48,11.5
2025-01-12,3,23.8,23.3,46,7.6
2025-01-13,3,23.9,23.4,42,4.6
2025-01-14,3,25.2,24.8,43,6.3
2025-01-15,3,27.2,27.3,46,10.2
2025-01-16,3,28.5,29.5,48,8.6
2025-01-17,3,27.5,28.2,46,6.9
2025-01-18,3,27.6,27.5,40,6.8
2025-01-19,3,27.5,27.8,40,4.5
2025-01-20,3,27.8,28.2,39,3.6
2025-01-21,3,27.9,28.7,43,4.0
2025-01-22,3,28.2,29.2,44,3.7
2025-01-23,3,28.4,29.6,45,3.8
2025-01-24,3,28.8,30.6,48,3.6
2025-01-25,3,28.5,31.1,56,4.7
2025-01-26,3,29.0,32.9,66,5.0
2025-01-27,51,26.4,27.3,55,10.1
2025-01-28,3,26.3,26.4,45,7.2
2025-01-29,3,26.4,26.5,44,7.4
2025-01-30,3,27.4,28.4,45,3.9
2025-01-31,3,28.0,29.7,50,3.7
2025-02-01,3,28.7,30.7,51,4.6
2025-02-02,3,29.0,31.7,57,5.5
2025-02-03,1,29.2,32.6,62,6.2
2025-02-04,53,29.2,32.3,63,7.8
2025-02-05,3,29.1,31.9,57,6.0
2025-02-06,3,28.6,32.3,66,6.5
2025-02-07,51,28.8,33.0,69,5.3
2025-02-08,3,29.8,31.9,53,9.1
2025-02-09,3,28.1,28.4,44,9.9
2025-02-10,3,28.1,29.0,43,5.1
2025-02-11,3,29.3,30.6,42,3.2
2025-02-12,3,30.4,31.8,41,4.0
2025-02-13,3,30.5,32.6,47,4.9
2025-02-14,1,29.5,33.4,65,6.3
2025-02-15,3,30.4,33.6,57,5.9
2025-02-16,3,30.2,33.3,57,6.7
2025-02-17,55,29.0,33.7,74,9.0
2025-02-18,61,27.8,32.3,76,7.1
2025-02-19,65,26.8,32.0,81,4.8
2025-02-20,63,27.6,32.6,77,4.0
2025-02-21,55,28.0,33.2,77,4.9
2025-02-22,61,28.4,32.6,70,5.5
2025-02-23,55,29.8,33.6,64,7.2
2025-02-24,63,25.8,29.4,79,8.0
2025-02-25,51,25.2,28.1,75,8.0
2025-02-26,3,27.0,29.8,65,7.7
2025-02-27,51,29.3,33.3,63,4.2
2025-02-28,55,30.1,34.6,65,4.8
2025-03-01,51,29.7,35.1,73,7.4
2025-03-02,3,30.4,35.5,71,8.4
2025-03-03,3,30.2,35.3,73,10.3
2025-03-04,3,30.3,34.8,69,10.7
2025-03-05,3,30.3,35.3,71,9.1
2025-03-06,1,30.1,34.9,71,9.0
2025-03-07,61,28.1,33.0,79,8.3
2025-03-08,51,27.7,31.4,71,8.1
2025-03-09,3,29.0,32.6,63,5.0
2025-03-10,3,31.6,34.8,52,7.0
2025-03-11,61,31.6,35.9,59,6.2
2025-03-12,51,30.7,35.6,67,7.4
2025-03-13,63,30.1,35.0,70,8.0
2025-03-14,51,30.4,35.7,69,6.0
2025-03-15,51,31.0,36.2,67,7.3
2025-03-16,51,31.1,36.5,68,6.4
2025-03-17,61,29.8,35.3,74,7.8
2025-03-18,53,30.5,35.6,68,6.1
2025-03-19,3,30.2,32.1,50,10.1
2025-03-20,3,28.4,30.1,49,5.8
2025-03-21,3,28.5,29.4,45,6.8
2025-03-22,3,30.2,32.1,46,5.3
2025-03-23,3,31.3,34.1,49,4.4
2025-03-24,51,31.2,35.4,58,5.6
2025-03-25,2,31.1,36.2,68,7.8
2025-03-26,63,30.9,36.3,71,9.7
2025-03-27,51,31.1,36.2,68,8.6
2025-03-28,51,31.8,35.3,56,7.9
2025-03-29,51,31.5,36.0,62,7.8
2025-03-30,63,30.0,35.1,73,8.7
2025-03-31,65,27.0,32.8,86,4.6
2025-04-01,53,28.4,34.8,82,3.6
2025-04-02,53,28.6,33.8,77,5.4
2025-04-03,61,29.5,34.9,74,6.0
2025-04-04,51,29.8,34.8,71,7.3
2025-04-05,51,30.2,35.1,70,9.3
2025-04-06,3,30.8,35.6,67,8.7
2025-04-07,53,29.4,34.8,74,7.7
2025-04-08,55,29.4,35.7,79,5.5
2025-04-09,51,29.9,35.7,74,7.1
2025-04-10,63,28.0,33.7,83,6.3
2025-04-11,63,29.1,35.2,79,5.9
2025-04-12,3,30.1,35.1,68,7.0
2025-04-13,53,31.6,37.1,65,5.3
2025-04-14,63,28.3,33.6,79,7.1
2025-04-15,63,29.2,34.7,75,5.3
2025-04-16,63,28.0,34.4,86,4.1
2025-04-17,63,29.5,35.9,78,4.4
2025-04-18,63,29.6,35.3,74,5.2
2025-04-19,63,30.1,36.0,74,5.5
2025-04-20,51,31.6,36.7,65,8.9
2025-04-21,3,32.1,36.7,60,8.5
2025-04-22,3,31.9,36.6,62,9.4
2025-04-23,53,31.9,36.7,62,7.9
2025-04-24,3,31.9,36.7,64,10.7
2025-04-25,51,32.7,37.7,61,7.5
2025-04-26,61,31.3,36.5,68,9.9
2025-04-27,65,29.7,35.4,76,7.3
2025-04-28,51,30.3,35.6,69,5.3
2025-04-29,61,30.1,34.9,68,4.8
2025-04-30,63,31.7,36.8,62,5.6
2025-05-01,65,29.2,35.6,79,4.5
2025-05-02,63,29.4,36.0,79,4.0
2025-05-03,51,28.2,34.6,85,4.1
2025-05-04,53,29.2,35.9,80,3.6
2025-05-05,51,29.8,35.9,76,5.8
2025-05-06,63,29.1,35.7,82,5.4
2025-05-07,55,29.1,35.3,81,6.3
2025-05-08,61,30.3,36.9,76,5.1
2025-05-09,63,31.0,37.9,74,3.7
2025-05-10,65,29.4,35.7,79,4.1
2025-05-11,61,27.6,33.7,86,4.1
2025-05-12,61,27.3,33.2,85,4.8
2025-05-13,61,27.2,32.9,86,5.6
2025-05-14,63,27.3,32.8,87,7.8
2025-05-15,61,27.4,33.6,87,5.9
2025-05-16,65,27.8,34.7,88,3.4
2025-05-17,65,28.0,34.9,88,3.5
2025-05-18,3,29.0,35.8,83,3.5
2025-05-19,51,28.9,35.7,84,5.5
2025-05-20,53,29.5,35.9,79,4.4
2025-05-21,63,29.0,35.7,83,4.2
2025-05-22,61,29.2,36.0,82,4.8
2025-05-23,61,29.8,35.7,75,6.4
2025-05-24,61,28.6,34.8,82,4.8
2025-05-25,63,27.6,33.3,86,8.0
2025-05-26,63,27.2,32.7,88,8.2
2025-05-27,53,27.7,33.6,86,6.4
2025-05-28,55,28.9,35.4,82,4.7
2025-05-29,61,28.8,35.5,85,5.0
2025-05-30,63,28.5,34.9,85,6.6
2025-05-31,63,28.0,34.0,86,7.7
2025-06-01,65,28.4,34.1,82,7.9
2025-06-02,63,28.7,34.6,81,7.7
2025-06-03,53,28.2,34.0,83,6.0
2025-06-04,63,29.0,34.9,78,6.0
2025-06-05,61,29.3,35.2,77,6.2
2025-06-06,51,29.7,35.6,76,6.4
2025-06-07,63,29.5,35.7,78,5.9
2025-06-08,51,29.3,35.4,78,6.2
2025-06-09,53,29.1,35.3,79,4.8
2025-06-10,51,29.1,34.8,77,6.3
2025-06-11,51,28.9,33.8,74,7.2
2025-06-12,63,28.3,34.1,81,6.5
2025-06-13,55,27.4,32.9,85,7.1
2025-06-14,63,27.8,33.3,85,8.3
2025-06-15,51,28.1,33.5,82,7.6
2025-06-16,55,28.6,34.3,79,5.5
